accession,design_source,experimental_design_summary
GSE126848,Series_overall_design + Series_summary + sample_metadata,"Four-group comparison of liver biopsies from healthy normal-weight, obese, NAFL and NASH subjects. Sample records report healthy (14), obese (12), NAFLD (15) and NASH (16)."
GSE130970,Series_overall_design + sample_metadata,"78 distinct liver biopsies, 6 histologically normal and 72 covering NAFLD activity score 0-6 and fibrosis stage 0-4. Steatosis, lobular inflammation and ballooning grades are reported separately per sample."
GSE135251,Series_summary + sample_metadata,"Multicenter study of 216 snap-frozen liver biopsies, 206 NAFLD cases across fibrosis stages with 10 controls. Fibrosis stage 0-4, NAS 0-8 and the paper's group label are reported for every sample."
GSE150026,Series_overall_design + Series_summary + sample_metadata,"Randomized placebo-controlled trial with paired liver biopsies at baseline and 12 months, tesamorelin (n=18) against placebo (n=21). The 78 samples come from 39 participants contributing two timepoints each."
GSE162694,Series_overall_design + Series_summary + sample_metadata,"Cross-sectional study of 143 NASH patients across fibrosis stages. Sample records stage fibrosis 0-4 and label 31 samples as normal liver histology."
GSE167523,Series_overall_design + sample_metadata,"Snap-frozen liver tissue from 98 patients with biopsy-proven NAFLD, with no control arm in the sample records. The cohort splits into NAFL (51) and NASH (47), and fibrosis stage is not reported."
GSE174478,Series_overall_design + Series_summary + sample_metadata,"94 biopsy-proven NAFLD patients from a Japanese cohort, compared against each other by relative gene expression. Fibrosis stage 0-4 and NAS 1-7 are reported per sample."
GSE213621,combined,"Human RNA-seq SubSeries of a mixed-species study: 368 liver samples from controls and patients with NAFLD, staged Control (69), F0F1 (97), F2 (107) and F3F4 (95). The series design statement also describes the parent study's mouse experiments, which are not part of these samples."
GSE281797,Series_overall_design + Series_summary + sample_metadata,"94 snap-frozen liver biopsies from obese patients, grouped as no pathology (30), MASL (53) and MASH (11). Fibrosis grade 0-3, steatosis, inflammation and ballooning grades and NAS are reported per sample."
