accession,sample_count,design_source,experimental_design_summary,series_overall_design,series_summary,series_relations,sample_group_distribution,geo_url
GSE135251,216,Series_summary + sample_metadata,"Multicenter study of 216 snap-frozen liver biopsies, 206 NAFLD cases across fibrosis stages with 10 controls. Fibrosis stage 0-4, NAS 0-8 and the paper's group label are reported for every sample.",216 snap-frozen biopsies were processed for RNA sequencing on the Illumina NextSeq 500 system.,"The pathophysiological mechanisms that drive non-alcoholic fatty liver disease (NAFLD) progression remain poorly understood. This multicenter study characterized the transcriptional changes that occur as liver disease progresses. 216 snap frozen liver biopsies, comprising 206 NAFLD cases with different fibrosis stages and 10 controls were studied. Samples underwent high-throughput RNA sequencing. This study provides novel insights into transcriptional changes during liver disease evolution and progression as well as proof of principle that transcriptomic changes reveal potentially tractable biomarkers for NAFLD fibrosis.",BioProject: https://www.ncbi.nlm.nih.gov/bioproject/PRJNA558102 | SRA: https://www.ncbi.nlm.nih.gov/sra?term=SRP217231,canon__disease=Control (10); NAFLD (206) | canon__fibrosis_stage=0 (46); 1 (48); 2 (54); 3 (54); 4 (14) | canon__group=NAFL (51); NASH_F0-F1 (34); NASH_F2 (53); NASH_F3 (54); NASH_F4 (14); control (10) | canon__nas_score=0 (10); 1 (11); 2 (21); 3 (26); 4 (38); 5 (47); 6 (37); 7 (18); 8 (8) | canon__stage=control (10); early (138); moderate (68),https://www.ncbi.nlm.nih.gov/geo/query/acc.cgi?acc=GSE135251
GSE213621,368,combined,"Human RNA-seq SubSeries of a mixed-species study: 368 liver samples from controls and patients with NAFLD, staged Control (69), F0F1 (97), F2 (107) and F3F4 (95). The series design statement also describes the parent study's mouse experiments, which are not part of these samples.","We used Smoflox/flox mice in combination with AAV8-TBG-Cre which enables genetic disruption of Smo in mature hepatocytes selectively. Adult Smoflox/flox mice were treated with AAV vectors for 7 days. Their livers were analyzed by histology, immunoblots, qPCR and single-cell RNA sequencing. We also performed RNA sequencing of 368 liver samples from controls and patients with NAFLD to assess the association of Smo expression with liver inflammation and fibrosis.","Nonalcoholic fatty liver disease (NAFLD) is strongly associated with insulin resistance (IR), but little is known about the key genetic driver that links these two disorders. We aimed to elucidate the mechanism by which Smoothened (Smo), a G-protein coupled receptor, contributes to pathogenesis of NAFLD and IR.",SubSeries of: GSE213623 | BioProject: https://www.ncbi.nlm.nih.gov/bioproject/PRJNA881948 | SRA: https://www.ncbi.nlm.nih.gov/sra?term=SRP398015,canon__fibrosis_stage=Control (69); F0F1 (97); F2 (107); F3F4 (95) | raw__cell type=liver cells (368),https://www.ncbi.nlm.nih.gov/geo/query/acc.cgi?acc=GSE213621
GSE174478,94,Series_overall_design + Series_summary + sample_metadata,"94 biopsy-proven NAFLD patients from a Japanese cohort, compared against each other by relative gene expression. Fibrosis stage 0-4 and NAS 1-7 are reported per sample.",94 biopsy proven NAFLD patients were studied. The liver biopsy samples underwent high-throughput RNA sequencing and we compared relative gene expression levels across these samples.,"Nonalcoholic steatohepatitis (NASH) is a severe form of nonalcoholic fatty liver disease (NAFLD) that is characterized by hepatic steatosis, inflammation, hepatocellular injury, and fibrosis, which lead to progressed cirrhosis and hepatocellular carcinoma. Despite its increasing prevalence on a global scale, the pathogenesis of NASH progression is not well understood. To elucidate the underlying mechanisms of NASH progression, we conducted transcriptome analyses of Japanese NAFLD cohort in our facility.",BioProject: https://www.ncbi.nlm.nih.gov/bioproject/PRJNA730024 | SRA: https://www.ncbi.nlm.nih.gov/sra?term=SRP319881,canon__disease=NAFLD (94) | canon__fibrosis_stage=0 (7); 1 (29); 2 (23); 3 (24); 4 (11) | canon__nas_score=1 (1); 2 (11); 3 (9); 4 (17); 5 (36); 6 (17); 7 (3) | canon__sex=F (45); M (49) | canon__tissue=liver (94),https://www.ncbi.nlm.nih.gov/geo/query/acc.cgi?acc=GSE174478
GSE162694,143,Series_overall_design + Series_summary + sample_metadata,Cross-sectional study of 143 NASH patients across fibrosis stages. Sample records stage fibrosis 0-4 and label 31 samples as normal liver histology.,mRNA-seqencing of 143 NASH patients of various fibrosis stages,"Using RNA-sequencing, we conducted a cross-sectional study of 143 NASH patients to identify  differentially expressed genes, significantly enriched pathways, cell composition changes, and predictive gene signatures related to fibrosis severity.",BioProject: https://www.ncbi.nlm.nih.gov/bioproject/PRJNA682622 | SRA: https://www.ncbi.nlm.nih.gov/sra?term=SRP295965,canon__fibrosis_stage=0 (35); 1 (30); 2 (27); 3 (8); 4 (12); normal liver histology (31) | canon__nas_score=0 (32); 1 (12); 2 (9); 3 (11); 4 (13); 5 (19); 6 (12); 7 (9); NA (26) | canon__sex=Female (103); Male (40) | canon__tissue=Liver (143),https://www.ncbi.nlm.nih.gov/geo/query/acc.cgi?acc=GSE162694
GSE281797,94,Series_overall_design + Series_summary + sample_metadata,"94 snap-frozen liver biopsies from obese patients, grouped as no pathology (30), MASL (53) and MASH (11). Fibrosis grade 0-3, steatosis, inflammation and ballooning grades and NAS are reported per sample.",94 snap-frozen liver biopsies were processe for RNA sequencing on the NoveSeq6000 platform.,"The molecular mechanisms underlying early-stage metabolic dysfunction-associated steatotic liver disease (MASLD) is poorly understood. This study characterized the transcriptomic alterations in obese patients with no pathology or early-stage MASLD.  94 snap-frozen liver biopsies were analyzed through high-throughput RNA sequencing. Distinct features involved in the development of hepatic steatosis and fibrosis were identified. This study also provided novel insights in mechanisms involved in the onset of fibrosis, highlighting potential therapeutic targets.",,canon__diagnosis=MASH (11); MASL (53); No Pathology (30) | canon__fibrosis_stage=0 (42); 1 (26); 2 (20); 3 (6) | canon__nas_score=0 (27); 1 (16); 2 (24); 3 (11); 4 (11); 5 (2); 6 (2); 7 (1) | canon__sex=Female (70); Male (24) | canon__steatosis_grade=0 (30); 1 (36); 2 (22); 3 (6) | canon__tissue=Liver (94) | raw__ballooning grade=0 (83); 1 (10); 2 (1) | raw__diabetes=0 (71); 1 (23) | raw__inflammation grade=0 (43); 1 (43); 2 (7); 3 (1),https://www.ncbi.nlm.nih.gov/geo/query/acc.cgi?acc=GSE281797
GSE167523,98,Series_overall_design + sample_metadata,"Snap-frozen liver tissue from 98 patients with biopsy-proven NAFLD, with no control arm in the sample records. The cohort splits into NAFL (51) and NASH (47), and fibrosis stage is not reported.",Global RNA sequencing of snap frozen liver tissue from 98 patients with biopsy-proven NAFLD,"Nonalcoholic fatty liver disease (NAFLD) is the most common liver disease worldwide. Nonalcoholic steatohepatitis (NASH), the progressive form of NAFLD, and advanced fibrosis are associated with poor outcomes but their molecular pathogenesis is not fully elucidated. Global RNA sequencing of snap frozen liver tissue from 98 patients with biopsy-proven NAFLD was performed. Unsupervised hierarchical clustering well-distinguished NASH from NAFL, and NASH patients exhibited molecular abnormalities reflecting their pathological features. Transcriptomic analysis identified multiple secreted proteins upregulated in NASH and/or advanced fibrosis",BioProject: https://www.ncbi.nlm.nih.gov/bioproject/PRJNA704861 | SRA: https://www.ncbi.nlm.nih.gov/sra?term=SRP308410,canon__disease=NAFLD (98) | canon__sex=F (34); M (64) | canon__tissue=liver biopsy (98) | raw__disease subtype=NAFL (51); NASH (47),https://www.ncbi.nlm.nih.gov/geo/query/acc.cgi?acc=GSE167523
GSE150026,78,Series_overall_design + Series_summary + sample_metadata,"Randomized placebo-controlled trial with paired liver biopsies at baseline and 12 months, tesamorelin (n=18) against placebo (n=21). The 78 samples come from 39 participants contributing two timepoints each.","We performed whole transcriptome analysis, and subsequent Gene Set Enrichment Analysis (GSEA) on paired liver biopsies, at baseline and 12 months after treatment  with tesamorelin (n = 18) or placebo (n = 21) on all participants who had available data of sufficient quality.","Nonalcoholic fatty liver disease (NAFLD) is a common comorbidity among people living with HIV with a more aggressive course than in the general population. In a recent randomized placebo-controlled trial, we demonstrated that the growth hormone-releasing hormone analogue tesamorelin reduced liver fat and prevented fibrosis progression in HIV-associated NAFLD over one year. In the current study, we leveraged paired liver biopsy specimens from this trial to identify hepatic gene pathways that are differentially modulated by tesamorelin versus placebo to gain key insights into the biological underpinnings of its clinical effects.",BioProject: https://www.ncbi.nlm.nih.gov/bioproject/PRJNA630952 | SRA: https://www.ncbi.nlm.nih.gov/sra?term=SRP260407,canon__diagnosis=HIV with NAFLD (78) | canon__tissue=liver (78) | canon__treatment=PLACEBO (42); TESAMORELIN (36) | raw__timepoint=1 (39); 2 (39),https://www.ncbi.nlm.nih.gov/geo/query/acc.cgi?acc=GSE150026
GSE126848,57,Series_overall_design + Series_summary + sample_metadata,"Four-group comparison of liver biopsies from healthy normal-weight, obese, NAFL and NASH subjects. Sample records report healthy (14), obese (12), NAFLD (15) and NASH (16).","Liver biopsies from healthy, obese, NAFLD and NASH subjects","Non-alcoholic fatty liver disease (NAFLD) represents a spectrum of conditions ranging from simple steatosis (NAFL), over non-alcoholic steatohepatitis (NASH) with or without fibrosis, to cirrhosis with end-stage disease. The hepatic molecular events underlying the development of NAFLD and transition to NASH are poorly understood. The present study aimed to determine hepatic transcriptome dynamics in patients with NAFL or NASH compared to healthy normal-weight and obese individuals. RNA sequencing and quantitative histomorphometry of liver fat, inflammation and fibrosis was performed on liver biopsies obtained from healthy normal weight (n=14) and obese (n=12) individuals, NAFL (n=15) and NASH (n=16) patients. Normal weight and obese subjects showed normal liver histology and comparable gene expression profiles. Liver transcriptome signatures were largely overlapping in NAFL and NASH patients, however, clearly separated from healthy normal-weight and obese controls. Most marked pathway perturbations identified in both NAFL and NASH were associated with markers of lipid metabolism, immunomodulation, extracellular matrix remodeling and cell cycle control. Interestingly, NASH patients with positive Sonic hedgehog hepatocyte staining showed distinct transcriptome and histomorphometric changes compared to NAFL. In conclusion, application of immunohistochemical markers of hepatocyte injury may serve as a more objective tool for distinguishing NASH from NAFL, facilitating improved resolution of hepatic molecular changes associated with progression of NAFLD.",BioProject: https://www.ncbi.nlm.nih.gov/bioproject/PRJNA523510 | SRA: https://www.ncbi.nlm.nih.gov/sra?term=SRP186450,canon__disease=NAFLD (15); NASH (16); healthy (14); obese (12) | canon__sex=Female (10); Male (47) | canon__tissue=Liver (57),https://www.ncbi.nlm.nih.gov/geo/query/acc.cgi?acc=GSE126848
GSE130970,78,Series_overall_design + sample_metadata,"78 distinct liver biopsies, 6 histologically normal and 72 covering NAFLD activity score 0-6 and fibrosis stage 0-4. Steatosis, lobular inflammation and ballooning grades are reported separately per sample.","This dataset contains transcriptomic profiles of 78 distinct human liver biopsies.  Of these, 6 are histologically normal, and 72 cover the full spectrum of nonalcoholic fatty liver disease (NAFLD activity score 0-6, fibrosis stage 0-4).","Transcriptomic analysis of liver biopsies that cover the spectrum of nonalcoholic fatty liver disease reveals genes that are progressively regulated over the course of the disease. This study demonstrates that progressive changes in expression of these genes can be used to approximate the histological grade of a liver biopsy. Furthermore, the relative progression profiles of these disease-responsive genes are shown to be distinct across patient biopsies. This observation suggests that there may be distinct biological processes that drive disease progression across individuals",BioProject: https://www.ncbi.nlm.nih.gov/bioproject/PRJNA542148 | SRA: https://www.ncbi.nlm.nih.gov/sra?term=SRP197353,canon__fibrosis_stage=0 (25); 1 (28); 2 (9); 3 (14); 4 (2) | canon__nas_score=0 (4); 1 (5); 2 (9); 3 (18); 4 (16); 5 (18); 6 (8) | canon__sex=F (48); M (30) | canon__steatosis_grade=0 (8); 1 (29); 2 (27); 3 (14) | canon__tissue=liver biopsy (78) | raw__cytological ballooning grade=0 (30); 1 (23); 2 (25) | raw__lobular inflammation grade=0 (9); 1 (57); 2 (12),https://www.ncbi.nlm.nih.gov/geo/query/acc.cgi?acc=GSE130970
