accession,title,taxon,gdstype,n_samples,suppfile,pdat,uid,supplementary_files,geo_raw_data_status
GSE159262,Novel 3D Approach to Model Non-Alcoholic Fatty Liver Disease using human Pluripotent Stem Cells,Homo sapiens,Expression profiling by high throughput sequencing,5,CSV,2026/08/04,200159262,GSE159262_normalized.csv.gz [CSV]; GSE159262_raw.csv.gz [CSV],SRA Run Selector; Raw data are available in SRA; Processed data are available on Series record
GSE336962,Advancing probabilistic risk assessment of perfluorooctanoic acid through integration of in vitro data and physiologically based toxicokinetic modeling coupled with population-specific analysis,Homo sapiens,Expression profiling by high throughput sequencing,36,CSV,2026/06/30,200336962,GSE336962_PA_12w_normalized_counts.csv.gz [CSV]; GSE336962_PA_48h_normalized_counts.csv.gz [CSV]; GSE336962_PA_6w_normalized_counts.csv.gz [CSV],SRA Run Selector; Raw data are available in SRA
GSE300257,Effect of overexpression of LY6D on gene expression in L02 hepatocytes,Homo sapiens,Expression profiling by high throughput sequencing,6,TXT,2026/06/20,200300257,GSE300257_ExpressionProfile.txt.gz [TXT],SRA Run Selector; Raw data are available in SRA
GSE270357,Transcriptome sequencing of palmitic acid-treated HepG2 cells upon intervention of curcumin or curcumin-copper complex,Homo sapiens,Expression profiling by high throughput sequencing,9,TXT,2026/06/19,200270357,GSE270357_TPMs_allsamples.txt.gz [TXT],SRA Run Selector; Raw data are available in SRA
GSE316562,Cyanidin-3-rutinoside(C3R) Attenuates Free Fatty Acid-Induced Hepatic Lipid Accumulation in HepG2 Cells,Homo sapiens,Expression profiling by high throughput sequencing,15,XLS,2026/01/23,200316562,GSE316562_processed_data_file.xls.gz [XLS],SRA Run Selector; Raw data are available in SRA
GSE296996,Gene expression profiling of tunicamycin-induced ER stress in HepG2 hepatoma cells,Homo sapiens,Expression profiling by high throughput sequencing,10,TXT,2025/12/10,200296996,GSE296996_count_matrix.txt.gz [TXT],SRA Run Selector; Raw data are available in SRA
GSE281797,Transcriptomic profiles of liver biopsies in obese patients with metabolic dysfunction-associated steatotic liver disease,Homo sapiens,Expression profiling by high throughput sequencing,94,TXT,2025/12/10,200281797,GSE281797_GeneCount.txt.gz [TXT]; GSE281797_tpm.txt.gz [TXT],SRA Run Selector; Raw data are available in SRA
GSE253186,Evaluation of PFHpA impact on liver metabolism using human liver spheroids,Homo sapiens,Expression profiling by high throughput sequencing,2,"MTX, TSV",2025/09/18,200253186,"GSE253186_RAW.tar [TAR (of MTX, TSV)]",SRA Run Selector; Raw data are available in SRA
GSE286572,Hepatocyte reporter cells and integrated metabolomic and transcriptomic analyses reveal insights into hepatocyte changes in offspring of pregnancies with obesity,Homo sapiens,Expression profiling by high throughput sequencing,30,XLSX,2025/07/30,200286572,GSE286572_processed_data_gene_count_Allsamples.xlsx [XLSX],SRA Run Selector; Raw data are available in SRA
GSE272035,Gene community-regulated pathway analysis successfully deciphers pathogenesis and biomarkers of viral versus metabolic hepatocellular carcinoma,Homo sapiens,Expression profiling by high throughput sequencing,71,TXT,2025/07/10,200272035,GSE272035_RAW.tar [TAR (of TXT)]; GSE272035_matrix.txt.gz [TXT],SRA Run Selector; Raw data are available in SRA
GSE287614,The transcription factor ZNF469 regulates collagen production in liver fibrosis [RNA-Seq],Homo sapiens,Expression profiling by high throughput sequencing,28,TXT,2025/02/27,200287614,GSE287614_hsc_tgfbeta_rnaseq_cnts.txt.gz [TXT],SRA Run Selector; Raw data are available in SRA
GSE269412,The transcription factor ZNF469 regulates collagen production in liver fibrosis [RNA-Seq liver],Homo sapiens,Expression profiling by high throughput sequencing,262,TXT,2025/02/27,200269412,GSE269412_DRX0FLO_rnaseq_count_mat.txt.gz [TXT],SRA Run Selector; Raw data are available in SRA
GSE266939,The transcription factor ZNF469 regulates collagen production in liver fibrosis [RNAseq_HSC],Homo sapiens,Expression profiling by high throughput sequencing,36,TXT,2025/02/27,200266939,GSE266939_hsc_rnaseq_cnts.txt.gz [TXT],SRA Run Selector; Raw data are available in SRA
GSE255384,RNA-sequencing of alpha beta hydrolase domain 6 (ABHD6) wild type (WT) versus knockout (KO) Huh7 hepatoma cells with or without palmitic acid treatment.,Homo sapiens,Expression profiling by high throughput sequencing,24,TXT,2025/02/01,200255384,GSE255384_FPKMMatrix.txt.gz [TXT],SRA Run Selector; Raw data are available in SRA
GSE288077,Metabolic dysfunction-associated steatotic liver disease may increase intrahepatic interferon gene signatures in patients with chronic hepatitis B,Mus musculus; Homo sapiens,Expression profiling by high throughput sequencing,35,"CSV, TXT",2025/01/27,200288077,GSE288077_Human_FPKMs.csv.gz [CSV]; GSE288077_Mouse_FPKMs.csv.gz [CSV]; GSE288077_raw_counts_Human.txt.gz [TXT]; GSE288077_raw_counts_Mouse.txt.gz [TXT],SRA Run Selector; Raw data are available in SRA
GSE278008,Transcriptomic analysis of NAFLD model cells with the co-administration of pseudo-natural flavonol and copper,Homo sapiens,Expression profiling by high throughput sequencing,6,TXT,2024/12/31,200278008,GSE278008_TPMs_allsamples.txt.gz [TXT],SRA Run Selector; Raw data are available in SRA
GSE260862,Cell-permeated peptide P-T3H2 inhibits malignancy on hepatocarcinoma through stabilizing HNF4α protein,Homo sapiens,Expression profiling by high throughput sequencing,6,XLS,2024/12/18,200260862,GSE260862_gene_expression.xls.gz [XLS],SRA Run Selector; Raw data are available in SRA
GSE279791,Effect of GCN5 depletion in hepatocytes in NAFLD,Homo sapiens,Expression profiling by high throughput sequencing,6,TXT,2024/10/23,200279791,GSE279791_fpkm.txt.gz [TXT],SRA Run Selector; Raw data are available in SRA
GSE268273,Clinical and molecular characterization of steatotic liver disease in the setting of immune-mediated inflammatory diseases,Homo sapiens,Expression profiling by high throughput sequencing,109,XLSX,2024/10/23,200268273,GSE268273_EGN_RNAseq_Normalized_data.xlsx [XLSX]; GSE268273_EGN_RNAseq_Processed_data.xlsx [XLSX],SRA Run Selector; Raw data are available in SRA
GSE210140,Gene expression profiling of stress-induced senescence and paracrine senecence in human hepatocytes,Homo sapiens,Expression profiling by high throughput sequencing,20,TXT,2024/09/01,200210140,GSE210140_UJ3100_exp_gene_level_count.txt.gz [TXT]; GSE210140_UJ3100_exp_gene_level_tpm.txt.gz [TXT],SRA Run Selector; Raw data are available in SRA; Processed data are available on Series record
GSE238219,Perturb-seq against putative NAFLD target genes in differentiated HepaRG cells,Homo sapiens,Expression profiling by high throughput sequencing,5,TAR,2024/08/30,200238219,GSE238219_RAW.tar [TAR (of TAR)],SRA Run Selector; Raw data are available in SRA; Processed data provided as supplementary file
GSE269926,Single nucleus RNA-sequencing integrated into risk variant colocalization discovers 17 cell-type-specific abdominal obesity genes for metabolic dysfunction-associated steatotic liver disease [scRNA-seq],Homo sapiens,Expression profiling by high throughput sequencing,8,"MTX, TSV",2024/07/11,200269926,GSE269926_barcodes.tsv.gz [TSV]; GSE269926_features.tsv.gz [TSV]; GSE269926_matrix.mtx.gz [MTX]; GSE269926_meta_data.tsv.gz [TSV],Raw data not provided for this record
GSE248376,Inferring secretory and metabolic pathway activity from omic data with secCellFie,Homo sapiens,Expression profiling by high throughput sequencing,6,CSV,2024/06/20,200248376,GSE248376_hepatokineTPM_GEO.csv.gz [CSV],SRA Run Selector; Raw data are available in SRA
GSE246221,A Mouse Model for Metabolic Dysfunction-associated Steatotic Liver Disease and Hepatocellular Carcinoma [RNA-seq],Mus musculus; Homo sapiens,Expression profiling by high throughput sequencing,148,TXT,2024/06/17,200246221,GSE246221_rawcounts_allsamples_human.txt.gz [TXT]; GSE246221_rawcounts_allsamples_mouse.txt.gz [TXT]; GSE246221_rawcounts_newsamples_mouse.txt.gz [TXT],SRA Run Selector; Raw data are available in SRA
GSE246223,A Mouse Model for Metabolic Dysfunction-associated Steatotic Liver Disease and Hepatocellular Carcinoma,Homo sapiens; Mus musculus,Expression profiling by high throughput sequencing; Genome binding/occupancy profiling by high throughput sequencing,160,"BED, BW",2024/06/16,200246223,"GSE246223_RAW.tar [TAR (of BED, BW)]",SRA Run Selector
GSE240729,Development of a novel non-invasive biomarker panel for hepatic fibrosis in individuals with MASLD,Homo sapiens,Expression profiling by high throughput sequencing,67,"TSV, TXT",2024/05/17,200240729,GSE240729_RAW.tar [TAR (of TSV)]; GSE240729_merged.counts.67samp.txt.gz [TXT],SRA Run Selector; Raw data are available in SRA; Processed data provided as supplementary file; Processed data are available on Series record
GSE260666,Differential analysis of gene expression in liver tissues of patients with nonalcoholic fatty liver disease and controls.,Homo sapiens,Expression profiling by high throughput sequencing,16,TXT,2024/05/15,200260666,GSE260666_raw_counts.txt.gz [TXT],SRA Run Selector; Raw data are available in SRA
GSE229608,Multicellular liver organoid model for recapitulating hepatitis C virus infection and non-alcoholic fatty liver disease progression [scRNA-Seq],Homo sapiens,Expression profiling by high throughput sequencing,3,"MTX, TSV",2024/05/05,200229608,"GSE229608_RAW.tar [TAR (of MTX, TSV)]",SRA Run Selector; Raw data are available in SRA; Processed data provided as supplementary file
GSE229596,Multicellular liver organoid model for recapitulating hepatitis C virus infection and non-alcoholic fatty liver disease progression [RNA-Seq],Homo sapiens,Expression profiling by high throughput sequencing,12,TXT,2024/05/05,200229596,GSE229596_merged.expression_Profile.GRCh38.gene.txt.gz [TXT],SRA Run Selector; Raw data are available in SRA; Processed data are available on Series record
GSE261297,The fatty liver disease-causing protein PNPLA3-I148M alters lipid droplet-Golgi dynamics,Homo sapiens,Expression profiling by high throughput sequencing,60,TXT,2024/04/09,200261297,GSE261297_primary_count_gene.Counts.Table.txt.gz [TXT],SRA Run Selector; Raw data are available in SRA; Processed data are available on Series record
GSE202379,Single Nuclei RNA-Seq to map progression of non-alcoholic fatty liver disease (NAFLD) in patients II,Homo sapiens,Expression profiling by high throughput sequencing,59,"CSV, RDS",2024/04/04,200202379,GSE202379_RAW.tar [TAR (of CSV)]; GSE202379_SeuratObject_AllCells.rds.gz [RDS],SRA Run Selector; Raw data are available in SRA; Processed data provided as supplementary file
GSE248320,Lysine tRNA fragments and miR-194-5p co-regulate hepatic steatosis via β-Klotho and Perilipin 2 (RNA),Homo sapiens,Expression profiling by high throughput sequencing,4,CSV,2024/01/31,200248320,GSE248320_raw_counts_cells_longRNA.csv.gz [CSV],SRA Run Selector; Raw data are available in SRA; Processed data are available on Series record
GSE207889,Stem cell-derived human liver organoids to model the progression of inflammatory and fibrotic injury in non-alcoholic fatty liver disease,Homo sapiens,Expression profiling by high throughput sequencing,19,"H5AD, MTX, TSV, XLSX",2023/10/02,200207889,"GSE207889_GEO_supplementary_files.xlsx [XLSX]; GSE207889_RAW.tar [TAR (of MTX, TSV)]; GSE207889_day21.h5ad.gz [H5AD]; GSE207889_masld-hlos_merged.h5ad.gz [H5AD]; GSE207889_os.h5ad.gz [H5AD]",SRA Run Selector; Raw data are available in SRA; Processed data provided as supplementary file
GSE214432,Transcriptome profile of hepatocellular carcinoma from non-alcoholic fatty liver.,Homo sapiens,Expression profiling by high throughput sequencing,45,GCT,2023/09/14,200214432,GSE214432_NAFLD_HCC.gct.gz [GCT],SRA Run Selector; Raw data are available in SRA; Processed data are available on Series record
GSE233808,RNA N6-methyladenosine methyltransferase METTL3 drives NAFLD-HCC and is a therapeutic target for boosting immunotherapy,Homo sapiens,Expression profiling by high throughput sequencing; Methylation profiling by high throughput sequencing,12,BW,2023/08/23,200233808,GSE233808_RAW.tar [TAR (of BW)],SRA Run Selector
GSE233806,RNA N6-methyladenosine methyltransferase METTL3 drives NAFLD-HCC and is a therapeutic target for boosting immunotherapy [RNA-Seq],Homo sapiens,Expression profiling by high throughput sequencing,4,CSV,2023/08/23,200233806,GSE233806_Raw_counts_txt.csv.gz [CSV],SRA Run Selector; Raw data are available in SRA; Processed data are available on Series record
GSE231875,Effect of overexpression of ZBED3 on gene expression in HHL-5 hepatocytes,Homo sapiens,Expression profiling by high throughput sequencing,6,TXT,2023/05/12,200231875,GSE231875_ExpressionProfile.txt.gz [TXT],SRA Run Selector; Raw data are available in SRA; Processed data are available on Series record
GSE200418,Transcriptomic profiling of induced steatosis in human precision-cut liver slices,Homo sapiens,Expression profiling by high throughput sequencing,99,TXT,2023/05/09,200200418,GSE200418_1047_uReads.txt.gz [TXT]; GSE200418_1047_uTPM.txt.gz [TXT],SRA Run Selector; Raw data are available in SRA; Processed data are available on Series record
GSE223652,Hepatocyte mARC1 Promotes Fatty Liver Disease,Homo sapiens,Expression profiling by high throughput sequencing,60,CSV,2023/04/01,200223652,GSE223652_counts_matrix_for_GEO_final.csv.gz [CSV],SRA Run Selector; Raw data are available in SRA; Processed data are available on Series record
GSE213621,Hepatocyte Smoothened Activity Controls Susceptibility to Insulin Resistance and Nonalcoholic Fatty Liver Disease [RNA-Seq],Homo sapiens,Expression profiling by high throughput sequencing,368,TXT,2023/03/01,200213621,GSE213621_FPKMs_allsamples.txt.gz [TXT],SRA Run Selector; Raw data are available in SRA; Processed data are available on Series record
GSE206417,Integrated Gut/Liver-on-a-Chip platform as in vitro human model of non-alcoholic fatty liver disease,Homo sapiens,Expression profiling by high throughput sequencing,16,TXT,2023/03/01,200206417,GSE206417_RAW.tar [TAR (of TXT)],SRA Run Selector; Raw data are available in SRA; Processed data provided as supplementary file
GSE152091,Integrated Gut/Liver-on-a-Chip platform as in vitro human model of non-alcoholic fatty liver disease,Homo sapiens,Expression profiling by high throughput sequencing,23,TXT,2023/03/01,200152091,GSE152091_RAW.tar [TAR (of TXT)],SRA Run Selector; Raw data are available in SRA; Processed data provided as supplementary file
GSE225740,Clinically Important Alterations in Pharmacogene Expression in Histologically Severe Nonalcoholic Fatty Liver Disease,Homo sapiens,Expression profiling by high throughput sequencing,93,CSV,2023/02/27,200225740,GSE225740_NAFLD_RNA_counts.csv.gz [CSV]; GSE225740_NAFLD_phenotypes.csv.gz [CSV],Processed data are available on Series record; Raw data not provided for this record
GSE221705,Transcriptomic characterization of control and drug-treated APOB-mutant organoids to study steatosis-resolving drug effects,Homo sapiens,Expression profiling by high throughput sequencing,12,CSV,2023/02/23,200221705,GSE221705_processed_raw_data_HendriksArtegianiClevers.csv.gz [CSV],SRA Run Selector; Raw data are available in SRA; Processed data are available on Series record
GSE223990,Network Pharmacology-based analysis of Resinacein S against non-alcoholic fatty liver disease by modulating lipid metabolism,Homo sapiens,Expression profiling by high throughput sequencing,6,TXT,2023/01/29,200223990,GSE223990_All.counts.txt.gz [TXT],SRA Run Selector; Raw data are available in SRA; Processed data are available on Series record
GSE197399,Redistribution of lamina-associated domains reshapes Foxa2 binding in development of NAFLD,Homo sapiens; Mus musculus,Expression profiling by high throughput sequencing; Genome binding/occupancy profiling by high throughput sequencing,61,"BED, TXT",2022/11/10,200197399,GSE197399_Foxa2_H_NAFLD_Mild.bed.gz [BED]; GSE197399_Foxa2_H_NAFLD_Severe.bed.gz [BED]; GSE197399_Foxa2_H_normal_patients.bed.gz [BED]; GSE197399_Foxa2_ND.bed.gz [BED]; GSE197399_Foxa2_WD12.bed.gz [BED]; GSE197399_Foxa2_WD8.bed.gz [BED]; GSE197399_LaminB1_H_NAFLD_Mild.bed.gz [BED]; GSE197399_LaminB1_H_NAFLD_Severe.bed.gz [BED]; GSE197399_LaminB1_H_Normal_Patients.bed.gz [BED]; GSE197399_LaminB1_ND.bed.gz [BED]; GSE197399_LaminB1_WD12.bed.gz [BED]; GSE197399_LaminB1_WD8.bed.gz [BED]; GSE197399_RNA_Seq_WD12.txt.gz [TXT]; GSE197399_RNA_Seq_WD8.txt.gz [TXT],SRA Run Selector; Raw data are available in SRA; Processed data are available on Series record
GSE217235,Multi cytokine producing liver CD4+ T cells characterize the liver of NASH patients,Homo sapiens,Expression profiling by high throughput sequencing,6,"MTX, TSV",2022/11/08,200217235,"GSE217235_RAW.tar [TAR (of MTX, TSV)]",SRA Run Selector; Raw data are available in SRA; Processed data provided as supplementary file
GSE207310,Stellate cell expression of SPARC-related modular calcium-binding protein 2 is associated with human non-alcoholic fatty liver disease severity,Homo sapiens,Expression profiling by high throughput sequencing,30,TXT,2022/11/02,200207310,GSE207310_RAW.tar [TAR (of TXT)],SRA Run Selector; Raw data are available in SRA; Processed data provided as supplementary file
GSE214435,Disseminative Recurrence Signature for hepatocellular carcinoma from non-alcoholic fatty liver disease,Homo sapiens,Expression profiling by high throughput sequencing,104,,2022/09/29,200214435,None reported by GEO,
GSE213653,"The loss of paraoxonase-2 activity aggravates lipid accumulation, mitochondrial dysfunction, and oxidative stress through the impaired autophagy pathway in in vitro fatty liver model",Homo sapiens,Expression profiling by high throughput sequencing,6,TXT,2022/09/26,200213653,GSE213653_FPKMs_allsamples.txt.gz [TXT],SRA Run Selector; Raw data are available in SRA; Processed data are available on Series record
GSE210927,Effect of Combinatorial Extracellular Matrix and Substrate Stiffness on Gene Expression of Activated Hepatic Stellate Cells,Homo sapiens,Expression profiling by high throughput sequencing,18,CSV,2022/08/13,200210927,GSE210927_RAW.tar [TAR (of CSV)],SRA Run Selector; Raw data are available in SRA; Processed data provided as supplementary file
GSE198391,Developmental modeling of hepatogenesis using obese iPSCs-hepatocyte differentiation uncovers pathological features,Homo sapiens,Expression profiling by high throughput sequencing,32,TXT,2022/08/10,200198391,GSE198391_iPSC_RNAseq.txt.gz [TXT],SRA Run Selector; Raw data are available in SRA; Processed data are available on Series record
GSE193084,Transcriptome profile of liver biopsy tissues from patients with non-alcoholic fatty liver disease,Homo sapiens,Expression profiling by high throughput sequencing; Other,271,,2022/07/01,200193084,None reported by GEO,
GSE193080,Transcriptome profile of liver biopsy tissues from patients with non-alcoholic fatty liver disease (tissue validation set 2).,Homo sapiens,Expression profiling by high throughput sequencing,59,GCT,2022/07/01,200193080,GSE193080_NAFLD.KUTHn59.gct.gz [GCT],SRA Run Selector; Raw data are available in SRA; Processed data are available on Series record
GSE193066,Transcriptome profile of liver biopsy tissues from patients with non-alcoholic fatty liver disease (tissue validation set 1).,Homo sapiens,Expression profiling by high throughput sequencing,164,GCT,2022/07/01,200193066,GSE193066_NAFLD.HUn106.gct.gz [GCT]; GSE193066_NAFLD.HUn164.gct.gz [GCT],SRA Run Selector; Raw data are available in SRA; Processed data are available on Series record
GSE192959,Transcriptome profile of liver biopsy tissues from patients with non-alcoholic fatty liver disease (derivation set).,Homo sapiens,Expression profiling by high throughput sequencing,48,GCT,2022/07/01,200192959,GSE192959_NAFLD.TUn48.gct.gz [GCT],SRA Run Selector; Raw data are available in SRA; Processed data are available on Series record
GSE200679,Hepatic senescence is associated with clinical progression of NAFLD/NASH: Role of BMP4 and its antagonist Gremlin1 (Hepatocytes),Homo sapiens,Expression profiling by high throughput sequencing,8,TXT,2022/06/29,200200679,GSE200679_Kallisto_TPM_exp_profiles_cellline.txt.gz [TXT]; GSE200679_Kallisto_count_exp_profiles_cellline.txt.gz [TXT],SRA Run Selector; Raw data are available in SRA; Processed data are available on Series record
GSE200678,Hepatic senescence is associated with clinical progression of NAFLD/NASH: Role of BMP4 and its antagonist Gremlin1 (Visceral adipose cells),Homo sapiens,Expression profiling by high throughput sequencing,35,TXT,2022/06/29,200200678,GSE200678_Kallisto_visceral_AT_tissue_TPM.txt.gz [TXT]; GSE200678_Kallisto_visceral_AT_tissue_count.txt.gz [TXT],SRA Run Selector; Raw data are available in SRA; Processed data are available on Series record
GSE174748,An imbalance of tumour-suppressing and tumour-promoting hepatic stellate cell populations in liver fibrosis contributes to hepatocarcinogenesis,Homo sapiens,Expression profiling by high throughput sequencing,4,"MTX, RDS, TSV",2022/05/01,200174748,"GSE174748_RAW.tar [TAR (of MTX, TSV)]; GSE174748_hl_nuclei.rds.gz [RDS]",SRA Run Selector; Raw data are available in SRA; Processed data are available on Series record; Processed data provided as supplementary file
GSE180241,Endothelial-immune crosstalk contributes to vascular injury in non-alcoholic fatty liver disease,Homo sapiens,Expression profiling by high throughput sequencing,6,TXT,2022/04/12,200180241,GSE180241_RAW.tar [TAR (of TXT)],SRA Run Selector; Raw data are available in SRA; Processed data are available on Series record
GSE179886,Endothelial-immune crosstalk contributes to vasculopathy in nonalcoholic fatty liver disease,Homo sapiens,Expression profiling by high throughput sequencing,2,"MTX, TSV",2022/04/11,200179886,"GSE179886_RAW.tar [TAR (of MTX, TSV)]",SRA Run Selector; Raw data are available in SRA; Processed data provided as supplementary file
GSE174478,Whole transcriptome profiling of Japanese  nonalcoholic fatty liver disease cohort.,Homo sapiens,Expression profiling by high throughput sequencing,94,TXT,2022/04/05,200174478,GSE174478_raw_gene_counts_matrix.txt.gz [TXT],SRA Run Selector; Raw data are available in SRA; Processed data are available on Series record
GSE185051,Hepatic Transcriptome Profiling of A Multiethnic Cohort of Pediatric Non-Alcoholic Fatty Liver Disease Patients Reveals Novel Genes and Pathways Associated With Disease Stages,Homo sapiens,Expression profiling by high throughput sequencing,57,"CSV, TAB",2022/03/25,200185051,GSE185051_Gene_count.csv.gz [CSV]; GSE185051_RAW.tar [TAR (of TAB)],SRA Run Selector; Raw data are available in SRA; Processed data are available on Series record; Processed data provided as supplementary file
GSE190487,Gastrointestinal B-cells license metabolic T-cell activation in NASH microbiota anigen-independently and contribute to fibrosis by IgA-FcRy signalling,Homo sapiens,Expression profiling by high throughput sequencing,1,"MTX, TSV",2022/02/01,200190487,"GSE190487_RAW.tar [TAR (of MTX, TSV)]",SRA Run Selector; Raw data are available in SRA; Processed data are available on Series record
GSE192741,Spatial proteogenomics reveals distinct and evolutionarily-conserved hepatic macrophage niches (spatial),Mus musculus; Homo sapiens,Expression profiling by high throughput sequencing,15,"CSV, H5, JSON, PNG, RDS, TSV",2022/01/11,200192741,"GSE192741_RAW.tar [TAR (of CSV, H5, JSON, PNG)]; GSE192741_sampleInfo_spatialRNAseq.tsv.gz [TSV]; GSE192741_seuratObj_humanVisium.rds.gz [RDS]",SRA Run Selector; Raw data are available in SRA; Processed data provided as supplementary file
GSE192740,Spatial proteogenomics reveals distinct and evolutionarily-conserved hepatic macrophage niches (single cells),Sus scrofa; Mus musculus; Danio rerio; Gallus gallus; Macaca mulatta; Homo sapiens; Mesocricetus auratus,Expression profiling by high throughput sequencing,132,"H5, RDS, TSV, TXT",2022/01/11,200192740,"GSE192740_RAW.tar [TAR (of H5, TXT)]; GSE192740_sampleInfo_scRNAseq.tsv.gz [TSV]; GSE192740_seuratObj_humanRNAseq.rds.gz [RDS]",SRA Run Selector; Raw data are available in SRA; Processed data provided as supplementary file
GSE189175,Single-nucleus RNA-seq of NASH HCC liver tissue,Homo sapiens,Expression profiling by high throughput sequencing,6,"MTX, TSV",2021/11/23,200189175,GSE189175_counts_barcodes.tsv.gz [TSV]; GSE189175_counts_features.tsv.gz [TSV]; GSE189175_counts_matrix.mtx.gz [MTX]; GSE189175_meta_data.tsv.gz [TSV],Processed data are available on Series record; Raw data not provided for this record
GSE186329,Activation of GPR3-b-Arrestin2-PKM2 by DPI enhanced glycolysis in kupffer cells,Homo sapiens; Mus musculus,Expression profiling by high throughput sequencing,19,,2021/10/23,200186329,None reported by GEO,
GSE186328,Activation of GPR3-b-Arrestin2-PKM2 by DPI enhanced glycolysis in kupffer cells [single-cell RNA-seq],Homo sapiens,Expression profiling by high throughput sequencing,6,CSV,2021/10/23,200186328,GSE186328_Mac_raw_count.csv.gz [CSV]; GSE186328_raw_counts.csv.gz [CSV],SRA Run Selector; Raw data are available in SRA; Processed data are available on Series record
GSE186326,Activation of GPR3-b-Arrestin2-PKM2 by DPI enhanced glycolysis in kupffer cells [Human KC],Homo sapiens,Expression profiling by high throughput sequencing,4,TXT,2021/10/23,200186326,GSE186326_Raw.count.hKC.txt.gz [TXT],SRA Run Selector; Raw data are available in SRA; Processed data are available on Series record
GSE159924,"Increased adipose tissue fibrogenesis, not impaired expandability, is associated with nonalcoholic fatty liver disease",Homo sapiens,Expression profiling by high throughput sequencing,57,XLSX,2021/10/01,200159924,GSE159924_PSQ_fibrosis_all.gene_moderated_log2cpm.xlsx [XLSX],SRA Run Selector; Raw data are available in SRA; Processed data are available on Series record
GSE156906,"Adipose tissue immunology, inflammation and exosomes in regulating insulin sensitivity in people with obesity and nonalcoholic fatty liver disease",Homo sapiens,Expression profiling by high throughput sequencing,66,XLSX,2021/10/01,200156906,GSE156906_PSQ_inflammation_all.gene_moderated_log2cpm.xlsx [XLSX]; GSE156906_RBD_inflammation_all.gene_moderated_log2cpm.xlsx [XLSX],SRA Run Selector; Raw data are available in SRA; Processed data are available on Series record
GSE168285,Transcriptomal profiling of liver microphysiological system (MPS) co-culture NASH model under varying culture conditions,Homo sapiens,Expression profiling by high throughput sequencing,179,TXT,2021/09/15,200168285,GSE168285_gene_annotation.txt.gz [TXT]; GSE168285_raw_counts.txt.gz [TXT]; GSE168285_sample_meta_data.txt.gz [TXT]; GSE168285_tpm.txt.gz [TXT],Raw data not provided for this record; Processed data are available on Series record
GSE138312,Transcriptomic analysis of induced pluripotent stem cells (iPSC) and differentiated hepatocytes (iPSC-Heps) from a cohort of healthy subjects and patients with nonalcoholic fatty liver disease (NAFLD),Homo sapiens,Expression profiling by high throughput sequencing,74,XLSX,2021/06/30,200138312,GSE138312_iHep_rsem_BATCH1.xlsx [XLSX]; GSE138312_iPSC_GSE138312_iHep_rsem_BATCH2.xlsx [XLSX]; GSE138312_iPSC_rsem_BATCH1.xlsx [XLSX],SRA Run Selector; Raw data are available in SRA; Processed data are available on Series record
GSE162694,Molecular Characterization and Cell Type Composition Deconvolution of Fibrosis in NAFLD,Homo sapiens,Expression profiling by high throughput sequencing,143,CSV,2021/06/11,200162694,GSE162694_raw_counts.csv.gz [CSV],SRA Run Selector; Raw data are available in SRA; Processed data are available on Series record
GSE158884,RNA-seq in HepG2 cells with YY1 knockdown,Homo sapiens,Expression profiling by high throughput sequencing,22,TXT,2021/06/04,200158884,GSE158884_YY1_KD_feature_counts.txt.gz [TXT],SRA Run Selector; Raw data are available in SRA; Processed data are available on Series record
GSE167523,Transcriptome profiling of human non-alcoholic fatty liver disease,Homo sapiens,Expression profiling by high throughput sequencing,98,"TXT, XLSX",2021/05/31,200167523,GSE167523_RAW.tar [TAR (of TXT)]; GSE167523_Raw_gene_counts_matrix.txt.gz [TXT]; GSE167523_Sample_phenotype_correspondence.xlsx [XLSX],SRA Run Selector; Raw data are available in SRA; Processed data provided as supplementary file; Processed data are available on Series record
GSE160200,Cholesterol-induced M4-like Macrophages in Non-alcoholic Steatohepatitis recruit Neutrophils and induce NETosis,Homo sapiens,Expression profiling by high throughput sequencing,20,CSV,2021/05/25,200160200,GSE160200_RAW.tar [TAR (of CSV)],SRA Run Selector; Raw data are available in SRA; Processed data provided as supplementary file
GSE169446,XCR1+ type 1 conventional dendritic cells drive liver pathology in Non-Alcoholic Steatohepatitis [10x scRNA-seq],Homo sapiens,Expression profiling by high throughput sequencing,2,"MTX, TSV",2021/05/21,200169446,"GSE169446_RAW.tar [TAR (of MTX, TSV)]",SRA Run Selector; Raw data are available in SRA; Processed data provided as supplementary file
GSE164444,A selective HDAC8 inhibitor potentiates antitumor immunity and efficacy of immune checkpoint blockade in hepatocellular carcinoma,Homo sapiens,Expression profiling by high throughput sequencing; Genome binding/occupancy profiling by high throughput sequencing,37,BW,2021/04/04,200164444,GSE164444_RAW.tar [TAR (of BW)],
GSE164441,A selective HDAC8 inhibitor potentiates antitumor immunity and efficacy of immune checkpoint blockade in hepatocellular carcinoma [RNA-seq],Homo sapiens,Expression profiling by high throughput sequencing,20,TXT,2021/04/04,200164441,GSE164441_RNAseq_10Tvs10NT_cuffdiff_FPKM.txt.gz [TXT]; GSE164441_RNAseq_10Tvs10NT_cuffdiff_count.txt.gz [TXT],Processed data are available on Series record; Raw data not provided for this record
GSE168484,Hepatic miR20b promotes nonalcholic fatty liver diseases by targeting PPARα,Homo sapiens,Expression profiling by high throughput sequencing,6,CSV,2021/03/09,200168484,GSE168484_gene_count_symbols_unique.csv.gz [CSV],SRA Run Selector; Raw data are available in SRA; Processed data are available on Series record
GSE160022,TREM2 sustains macrophage-hepatocyte metabolic coordination in NAFLD and sepsis,Homo sapiens; Mus musculus,Expression profiling by high throughput sequencing; Non-coding RNA profiling by high throughput sequencing,31,,2021/02/17,200160022,None reported by GEO,
GSE160016,TREM2 sustains macrophage-hepatocyte metabolic coordination in NAFLD and sepsis [Human_liver_RNA_seq],Homo sapiens,Expression profiling by high throughput sequencing,11,TXT,2021/02/17,200160016,GSE160016_gene_count.txt.gz [TXT]; GSE160016_gene_fpkm.txt.gz [TXT],SRA Run Selector; Raw data are available in SRA; Processed data are available on Series record
GSE141078,The transcriptomic changes induced by NREP downregulation in HepG2 cells,Homo sapiens,Expression profiling by high throughput sequencing,6,CSV,2021/01/04,200141078,GSE141078_count_table.csv.gz [CSV],SRA Run Selector; Raw data are available in SRA; Processed data are available on Series record
GSE138052,mRNA sequencing analysis of a novel model of 'NAFLD in a Dish',Homo sapiens,Expression profiling by high throughput sequencing,6,TXT,2020/12/03,200138052,GSE138052_RAW.tar [TAR (of TXT)],SRA Run Selector; Raw data are available in SRA; Processed data provided as supplementary file
GSE135251,TRANSCRIPTOMIC PROFILING ACROSS THE SPECTRUM OF NON-ALCOHOLIC FATTY LIVER DISEASE,Homo sapiens,Expression profiling by high throughput sequencing,216,TXT,2020/12/03,200135251,GSE135251_RAW.tar [TAR (of TXT)],SRA Run Selector; Raw data are available in SRA; Processed data provided as supplementary file
GSE150026,Effects of Tesamorelin on Hepatic Transcriptomic Signatures in HIV-Associated NAFLD,Homo sapiens,Expression profiling by high throughput sequencing,78,TXT,2020/09/08,200150026,GSE150026_normalizedReadCounts.txt.gz [TXT],SRA Run Selector; Raw data are available in SRA; Processed data are available on Series record
GSE135448,"High- and low-protein diet: effects on human hepatic fat content, autophagy, mitochondrial function and fat metabolism",Homo sapiens,Expression profiling by high throughput sequencing,19,TXT,2020/07/13,200135448,GSE135448_Diff_Expression_LPvsHP.txt.gz [TXT]; GSE135448_unnormalized.count.table.liver_HP_LP.txt.gz [TXT],SRA Run Selector; Raw data are available in SRA; Processed data are available on Series record
GSE136103,Resolving the fibrotic niche of human liver cirrhosis using single-cell transcriptomics,Homo sapiens; Mus musculus,Expression profiling by high throughput sequencing,26,"MTX, TSV",2019/09/12,200136103,"GSE136103_RAW.tar [TAR (of MTX, TSV)]",SRA Run Selector; Raw data are available in SRA; Processed data provided as supplementary file
GSE130970,Gene expression predicts histological severity and reveals distinct molecular profiles of nonalcoholic fatty liver disease,Homo sapiens,Expression profiling by high throughput sequencing,78,CSV,2019/08/15,200130970,GSE130970_all_sample_salmon_tximport_TPM_entrez_gene_ID.csv.gz [CSV]; GSE130970_all_sample_salmon_tximport_counts_entrez_gene_ID.csv.gz [CSV],SRA Run Selector; Raw data are available in SRA; Processed data are available on Series record
GSE135796,Growth Differentiation Factor 11 exacerbates non-alcoholic fatty liver disease in vitro and in vivo,Homo sapiens,Expression profiling by high throughput sequencing,6,TXT,2019/08/14,200135796,GSE135796_rlog.txt.gz [TXT],SRA Run Selector; Raw data are available in SRA; Processed data are available on Series record
GSE134146,circRNA expression profiles of fibroblasts: normal vs. NASH cirrhosis,Homo sapiens,Expression profiling by high throughput sequencing; Non-coding RNA profiling by array,8,TXT,2019/07/31,200134146,GSE134146_RAW.tar [TAR (of TXT)]; GSE134146_quantile.txt.gz [TXT],Processed data included within Sample table; Processed data provided as supplementary file; Processed data are available on Series record
GSE126831,A temporal proteogenomic atlas of HCV-host interactions unravels cell circuits driving viral and metabolic liver disease.,Homo sapiens,Expression profiling by high throughput sequencing,63,TSV,2019/04/17,200126831,GSE126831_Diff_expr_day7.tsv.gz [TSV]; GSE126831_FPKM.tsv.gz [TSV],SRA Run Selector; Raw data are available in SRA; Processed data are available on Series record
GSE126848,HEPATIC TRANSCRIPTOME SIGNATURES IN PATIENTS WITH VARYING DEGREES OF NON-ALCOHOLIC FATTY LIVER DISEASE COMPARED TO HEALTHY NORMAL-WEIGHT INDIVIDUALS,Homo sapiens,Expression profiling by high throughput sequencing,57,TXT,2019/02/22,200126848,GSE126848_Gene_counts_raw.txt.gz [TXT],SRA Run Selector; Raw data are available in SRA; Processed data are available on Series record
GSE109565,Identification of transcriptome and metabolome signatures of fatty liver disease in HepaRG cells exposed to PCB 126 and glyphosate,Homo sapiens,Expression profiling by high throughput sequencing,40,TXT,2019/01/10,200109565,GSE109565_Mesnage_et_al._Glyphosate_HepaRG_FPKM_Data.txt.gz [TXT]; GSE109565_Mesnage_et_al._PCB_HepaRG_FPKM_Data.txt.gz [TXT],SRA Run Selector; Raw data are available in SRA; Processed data are available on Series record
GSE115193,Evaluating pre-clinical models for studying NASH driven HCC.,Homo sapiens,Expression profiling by high throughput sequencing,9,TXT,2018/12/11,200115193,GSE115193_NASH_data_rlog_normalised_counttable.txt.gz [TXT],SRA Run Selector; Raw data are available in SRA; Processed data are available on Series record
GSE116185,A NAFLD Model Created By Endoplasmic Reticulum Stress Response-Associated Steatosis in Human Induced Pluripotent Stem Cell-Derived Hepatocytes,Homo sapiens,Expression profiling by high throughput sequencing,4,TXT,2018/09/13,200116185,GSE116185_RAW.tar [TAR (of TXT)],SRA Run Selector; Raw data are available in SRA; Processed data provided as supplementary file
GSE105127,Epigenomic analysis of micro-dissected human liver reveals principles of zonated morphogenic and metabolic control,Homo sapiens,Expression profiling by high throughput sequencing; Methylation profiling by high throughput sequencing,114,"BED, BW",2018/09/13,200105127,"GSE105127_RAW.tar [TAR (of BED, BW)]",SRA Run Selector; Raw data are available in SRA; Processed data provided as supplementary file
GSE107650,Low carbohydrate diet study for non-alcoholic fatty liver disease patients,Homo sapiens,Expression profiling by high throughput sequencing,14,TXT,2018/02/15,200107650,GSE107650_RAW.tar [TAR (of TXT)],SRA Run Selector; Raw data are available in SRA; Processed data provided as supplementary file
GSE326385,Fucoxanthin ameliorates metabolic dysfunction-associated steatohepatitis via suppression of CD36-driven fatty acid uptake,Homo sapiens,Expression profiling by high throughput sequencing,18,CSV,2026/08/05,200326385,GSE326385_FFA_gene.csv.gz [CSV],SRA Run Selector; Raw data are available in SRA
GSE298719,A Human Single-cell Atlas Identifies OLR1+ Scar-associated Macrophages as a Therapeutic Target for Chronic Liver Disease,Homo sapiens; Mus musculus,Genome binding/occupancy profiling by high throughput sequencing; Expression profiling by high throughput sequencing,41,"BED, MTX, TSV",2026/08/04,200298719,"GSE298719_RAW.tar [TAR (of BED, MTX, TSV)]",SRA Run Selector; Raw data are available in SRA
GSE341780,ERα/miR-26a/ANKRD52 axis regulates progression of MASH- associated HCC in HDTVi HCC models,Homo sapiens,Expression profiling by high throughput sequencing,6,XLSX,2026/07/29,200341780,GSE341780_gene_count_matrix.xlsx [XLSX]; GSE341780_genes_fpkm_expression.xlsx [XLSX],SRA Run Selector; Raw data are available in SRA
GSE320365,An Integrated Multi-omic Analysis Reveals Novel Gene-Metabolite Relationships in Human Steatohepatitic Hepatocellular Carcinoma,Homo sapiens,Expression profiling by high throughput sequencing,15,TXT,2026/07/29,200320365,GSE320365_ControlvsTumor_deg.txt.gz [TXT],SRA Run Selector; Raw data are available in SRA
GSE334408,Resmetirom ameliorates fibrogenesis in hepatic stellate cells via thyroid hormone receptor alpha-fatty-acid amide hydrolase 1 signaling pathway,Homo sapiens,Expression profiling by high throughput sequencing,8,TXT,2026/07/20,200334408,GSE334408_RAW.tar [TAR (of TXT)],SRA Run Selector; Raw data are available in SRA
GSE334407,Physiologically relevant media are associated with overlapping metabolic responses in primary human hepatocytes and Huh7 cells,Homo sapiens,Expression profiling by high throughput sequencing,30,TXT,2026/07/08,200334407,GSE334407_Huh7_raw_counts.txt.gz [TXT]; GSE334407_PHH_raw_counts.txt.gz [TXT],SRA Run Selector; Raw data are available in SRA
GSE325645,Transcriptomic profiling of NK cells in CHB and CHB-MASLD,Homo sapiens,Expression profiling by high throughput sequencing,7,TXT,2026/06/17,200325645,GSE325645_gene_expression.txt.gz [TXT],SRA Run Selector; Raw data are available in SRA
GSE334651,Alternative splicing- and gene fusion-derived neoepitopes in MASLD-associated hepatocellular carcinoma,Homo sapiens,Expression profiling by high throughput sequencing,120,XLSX,2026/06/10,200334651,GSE334651_Gene_level.raw.xlsx [XLSX],SRA Run Selector; Raw data are available in SRA
GSE333851,Spatial Glyco-Codes Define Human Liver Pathology and Progression,Homo sapiens,Expression profiling by high throughput sequencing; Other,32,"JPG, PNG, TSV, TXT, XLS",2026/06/04,200333851,"GSE333851_RAW.tar [TAR (of JPG, TSV, TXT)]; GSE333851_barcode.xls.gz [XLS]; GSE333851_barcode_position_image.png.gz [PNG]; GSE333851_spatial_barcode_50x50.xls.gz [XLS]",SRA Run Selector; Raw data are available in SRA
GSE282757,Evidence of a gut-adipose-liver axis: microbiota encroachment in metabolic dysfunction-associated steatotic liver disease,Homo sapiens,Expression profiling by high throughput sequencing,39,TXT,2026/06/01,200282757,GSE282757_DESeq2_raw_counts_for_NCBI_GEO_-_renamed_PIDs.txt.gz [TXT],SRA Run Selector; Raw data are available in SRA
GSE330266,Hepatocyte Hedgehog Signaling Controls Ferroptosis to Alleviate Aging-related Organ Dysfunction,Homo sapiens,Expression profiling by high throughput sequencing,10,H5,2026/05/08,200330266,GSE330266_RAW.tar [TAR (of H5)],SRA Run Selector; Raw data are available in SRA
GSE303732,An appendiceal cancer organoid biobank identifies phenotypic evolution and druggable dependencies of peritoneal carcinomatosis,Homo sapiens,Expression profiling by high throughput sequencing,6,"CSV, H5AD, MTX, TSV",2026/04/29,200303732,"GSE303732_KG208_KG215_totalseq_feature_reference.csv.gz [CSV]; GSE303732_KG236_totalseq_feature_reference.csv.gz [CSV]; GSE303732_RAW.tar [TAR (of MTX, TSV)]; GSE303732_mahmoud_et_al_ac_pc_pdo_pooled_processed.h5ad [H5AD]",SRA Run Selector; Raw data are available in SRA
GSE309912,Bulk RNA-seq Toxic Lipid-induced Epigenetic Activation of ICAM1 in Liver Sinusoidal Endothelium Regulates Myeloid-Driven Fibro-inflammatory Response in MASH,Homo sapiens,Expression profiling by high throughput sequencing,12,XLSX,2026/04/27,200309912,GSE309912_PA.800_vs_PA.LY_DE_statAll_normCPM.xlsx [XLSX]; GSE309912_PA.800_vs_Veh_DE_statAll_normCPM.xlsx [XLSX]; GSE309912_PA_vs_PA.LY_DE_statAll_normCPM.xlsx [XLSX]; GSE309912_PA_vs_Veh_DE_statAll_normCPM.xlsx [XLSX],SRA Run Selector; Raw data are available in SRA
GSE313271,S100A10-ANXA2 TETRAMER INHIBITION HAMPERS HEPATIC STELLATE CELL ACTIVATION IN MASLD MODELING HUMAN LIVER ORGANOIDS,Homo sapiens,Expression profiling by high throughput sequencing,1,"MTX, TSV",2026/04/16,200313271,"GSE313271_RAW.tar [TAR (of MTX, TSV)]",SRA Run Selector; Raw data are available in SRA
GSE326605,Bile acid uptake activates STAT signaling and impairs natural killer cells in metabolic dysfunction–associated steatohepatitis,Homo sapiens,Expression profiling by high throughput sequencing,4,"MTX, TSV, TXT",2026/04/05,200326605,"GSE326605_RAW.tar [TAR (of MTX, TSV)]; GSE326605_integrated_NKC_all4samples_RNA_count_matrix.txt.gz [TXT]; GSE326605_integrated_NKC_all4samples_metadata.txt.gz [TXT]",SRA Run Selector; Raw data are available in SRA
GSE319635,Methionine and choline deficiency rewires transcriptional programs to recapitulate molecular features of human MASH,Homo sapiens; Mus musculus,Expression profiling by high throughput sequencing,8,TXT,2026/03/25,200319635,GSE319635_Raw_counts_BMDM.txt.gz [TXT]; GSE319635_Raw_counts_EC.txt.gz [TXT]; GSE319635_Raw_counts_HSC.txt.gz [TXT]; GSE319635_Raw_counts_HepG2.txt.gz [TXT]; GSE319635_TPM_BMDM.txt.gz [TXT]; GSE319635_TPM_EC.txt.gz [TXT]; GSE319635_TPM_HSC.txt.gz [TXT]; GSE319635_TPM_HepG2.txt.gz [TXT],SRA Run Selector; Raw data are available in SRA
GSE325422,RNA-seq analysis of sodium butyrate effects on palmitate-induced insulin resistance in HepG2 cells,Homo sapiens,Expression profiling by high throughput sequencing,15,XLSX,2026/03/24,200325422,GSE325422_Allgene_info.xlsx [XLSX],SRA Run Selector; Raw data are available in SRA
GSE290642,Selective targeting of endothelial and perivascular ROCK2 reverses liver fibrosis in  pigs and human patients,Sus scrofa; Homo sapiens,Expression profiling by high throughput sequencing,36,TAR,2026/03/23,200290642,GSE290642_RAW.tar [TAR (of TAR)],SRA Run Selector; Raw data not provided for this record
GSE260823,Transcriptomic analysis of co-culture generated lipid-associated macrophages (LAMs),Homo sapiens,Expression profiling by high throughput sequencing,6,TXT,2026/03/18,200260823,GSE260823_raw_count.txt.gz [TXT],SRA Run Selector; Raw data are available in SRA; Processed data are available on Series record
GSE324401,Evaluation of the immortalized primary human hepatocyte cell line Fa2N-4 as a model for MASLD,Homo sapiens,Expression profiling by high throughput sequencing,48,TXT,2026/03/15,200324401,GSE324401_gene_count.txt.gz [TXT],SRA Run Selector; Raw data are available in SRA
GSE317876,A multi-stage transcriptomic resource of Artemisitene (ATT) for enhancing liver organoid functionality and treating metabolic liver disease.,Homo sapiens,Expression profiling by high throughput sequencing,21,XLS,2026/02/28,200317876,GSE317876_FFA_rawcounts.xls.gz [XLS]; GSE317876_HBorg-rawcounts.xls.gz [XLS]; GSE317876_PHep-rawcounts.xls.gz [XLS],SRA Run Selector; Raw data are available in SRA
GSE319709,Single-cell transcriptomics reveals etiology-specific T-cell heterogeneity in hepatocellular carcinoma and implicates regulatory,Homo sapiens,Expression profiling by high throughput sequencing,18,"MTX, TSV",2026/02/20,200319709,"GSE319709_RAW.tar [TAR (of MTX, TSV)]",SRA Run Selector; Raw data are available in SRA
GSE318806,P21+TREM2+-Senescent Macrophages Fuel Inflammaging and Metabolic Dysfunction-Associated Steatotic Liver Disease. [Blood],Homo sapiens,Expression profiling by high throughput sequencing,9,XLS,2026/02/11,200318806,GSE318806_human_counts-gene.xls.gz [XLS],Raw data not provided for this record
GSE274898,TGF-beta mediated hepatic stellate cells activation is dampened in the absence of EPHB2 in vitro.,Homo sapiens,Expression profiling by high throughput sequencing,6,TXT,2026/01/31,200274898,GSE274898_20073R_counts.txt.gz [TXT],SRA Run Selector; Raw data are available in SRA
GSE289433,Transcription factor REST regulates activation and growth of human Hepatic Stellate Cells,Homo sapiens,Expression profiling by high throughput sequencing,8,"SF, XLSX",2026/01/30,200289433,GSE289433_DESeq2_Results.xlsx [XLSX]; GSE289433_RAW.tar [TAR (of SF)],SRA Run Selector; Raw data are available in SRA
GSE303090,Mature Polarized Hepatocyte Organoids Derived from Human Embryonic Stem Cells for Modeling the Pathogenesis and Progression of Metabolic Dysfunction-Associated Steatotic Liver Disease and Therapeutic Drug Screening,Homo sapiens,Expression profiling by high throughput sequencing,12,TXT,2026/01/28,200303090,GSE303090_Day10_counts_matrix.txt.gz [TXT]; GSE303090_Day2_counts_matrix.txt.gz [TXT],SRA Run Selector; Raw data are available in SRA
GSE313774,A Microphysiological Model of Human MASLD Reveals Paradoxical Response to Resmetirom,Homo sapiens,Expression profiling by high throughput sequencing,33,TXT,2025/12/15,200313774,GSE313774_RNA05000001_raw.txt.gz [TXT]; GSE313774_RNA05000001_tpm.txt.gz [TXT],Raw data not provided for this record
GSE312066,A genetically encoded bifunctional enzyme that mitigates redox imbalance and lipotoxicity via engineered Gro3P-Glycerol shunt,Homo sapiens,Expression profiling by high throughput sequencing,8,TXT,2025/12/15,200312066,GSE312066_RAW.tar [TAR (of TXT)],SRA Run Selector; Raw data are available in SRA
GSE260956,Hepatic GPNMB aggravates NASH through binding to RYK [RNA-Seq],Homo sapiens; Mus musculus,Expression profiling by high throughput sequencing,8,"XLS, XLSX",2025/12/03,200260956,GSE260956_core_table_gene_AMLN_WT_VS_KO.xls.gz [XLS]; GSE260956_core_table_gene_HFHC_VS_ND.xlsx [XLSX]; GSE260956_core_table_gene_Rykt_GB1_VS_Veh1.xls.gz [XLS]; GSE260956_core_table_gene_Rykt_GB2_VS_Veh2.xls.gz [XLS],SRA Run Selector; Raw data are available in SRA
GSE309786,PNPLA3-I148M genetic variant rewires lipid metabolism to drive programmed cell death in human hepatocytes,Homo sapiens,Expression profiling by high throughput sequencing,8,CSV,2025/11/20,200309786,GSE309786_Normalized_Counts_All_Samples.csv.gz [CSV],SRA Run Selector; Raw data are available in SRA
GSE307420,Inhibition of Acetyl-CoA metabolic enzymes by EVT0185 impairs hepatic stellate cell activation and reverses MASH and fibrosis in mouse models.,Homo sapiens,Expression profiling by high throughput sequencing,12,TXT,2025/11/17,200307420,GSE307420_LX2_featurecounts.txt.gz [TXT],SRA Run Selector; Raw data are available in SRA
GSE299888,Liver-specific LXR inverse agonist restores lipid homeostasis in animal models and humans,Homo sapiens,Expression profiling by high throughput sequencing,12,XLSX,2025/11/14,200299888,GSE299888_processed_data.xlsx [XLSX],SRA Run Selector; Raw data are available in SRA
GSE308064,PAD4⁺ Neutrophils Promote Hepatic Stellate Cell Activation and Accelerate MASH Fibrosis Progression via NETs-DNA/TAOK1/MAPK Pathways,Homo sapiens,Expression profiling by high throughput sequencing,6,XLS,2025/11/07,200308064,GSE308064_core_table_gene.xls.gz [XLS],SRA Run Selector; Raw data are available in SRA
GSE307517,ClinASO: a guideline for rapid drug discovery of gapmer antisense oligonucleotidess,Mus musculus; Homo sapiens,Expression profiling by high throughput sequencing,12,CSV,2025/11/03,200307517,GSE307517_DEGresults.csv.gz [CSV]; GSE307517_Hep-G2DEGresult.csv.gz [CSV],SRA Run Selector; Raw data are available in SRA
GSE306957,Mitochondrial RNA cytosolic leakage drives the SASP [CRISPR/Cas9],Homo sapiens; Mus musculus,Expression profiling by high throughput sequencing,34,TXT,2025/10/29,200306957,GSE306957_RAW.tar [TAR (of TXT)],SRA Run Selector; Raw data are available in SRA
GSE279712,Unraveling and enhancing the dynamics of hepatic bile acid and cholesterol metabolism during ex vivo normothermic machine perfusion; a path to improved liver function through conjugated bile acid infusion,Homo sapiens; Sus scrofa domesticus,Expression profiling by high throughput sequencing,22,TSV,2025/10/14,200279712,GSE279712_RAW.tar [TAR (of TSV)]; GSE279712_human.merged.counts.tsv.gz [TSV]; GSE279712_pig.merged.counts.tsv.gz [TSV],SRA Run Selector; Raw data are available in SRA
GSE275942,Estrogen Receptor 1 Signaling in Hepatic Stellate Cells Designates Resistance to Liver Fibrosis,Homo sapiens; Mus musculus,Expression profiling by high throughput sequencing; Genome binding/occupancy profiling by high throughput sequencing,11,"BW, TXT",2025/08/21,200275942,"GSE275942_RAW.tar [TAR (of BW, TXT)]; GSE275942_mAHSC_Male_Female_gene_experssion.txt.gz [TXT]; GSE275942_mAHSC_Male_Female_rna_experssion.txt.gz [TXT]; GSE275942_mHSC_female_estradiol_treatment_gene_expression.txt.gz [TXT]; GSE275942_mHSC_female_estradiol_treatment_rna_expression.txt.gz [TXT]",SRA Run Selector; Raw data are available in SRA
GSE278593,IGFBP-7 transforms hepatic stellate cells into an HCC-promoting phenotype in MASLD.,Homo sapiens,Expression profiling by high throughput sequencing,6,GCT,2025/08/20,200278593,GSE278593_LX2_IGFBP7.gct.gz [GCT],SRA Run Selector; Raw data are available in SRA
GSE268360,Reduced ZMPSTE24 expression leads to prelamin accumulation and development of steatosis in MAFLD patients [RNA-seq],Homo sapiens,Expression profiling by high throughput sequencing,18,RESULTS,2025/08/06,200268360,GSE268360_RAW.tar [TAR (of RESULTS)],SRA Run Selector; Raw data are available in SRA
GSE293003,Hepatocyte FoxO1 depletion exacerbates hepatic inflammation in MASH,Homo sapiens,Expression profiling by high throughput sequencing,6,TXT,2025/07/30,200293003,GSE293003_WT_LPS-vs-FOXO1-KO_LPS.all.annot.txt.gz [TXT],SRA Run Selector; Raw data are available in SRA
GSE292999,Peroxisome Proliferator-activated Receptor Agonist IVA337 Alleviates Inflammation,Homo sapiens,Expression profiling by high throughput sequencing,14,TXT,2025/06/18,200292999,GSE292999_Spheroid_iva-readcount.txt.gz [TXT]; GSE292999_hHSC_iva-readcount.txt.gz [TXT],SRA Run Selector; Raw data are available in SRA
GSE292002,Endoplasmic reticulum stress sensor protein PERK in hepatic stellate cells promotes the progression of hepatocellular carcinoma via p38δ MAPK/IL-1β axis,Homo sapiens,Expression profiling by high throughput sequencing,6,CSV,2025/06/07,200292002,GSE292002_RAW.tar [TAR (of CSV)],SRA Run Selector; Raw data are available in SRA
GSE205179,"3D bioprinting of human liver models with biliary branching morphogenesis for hepatotoxicity, regeneration and NASH",Homo sapiens,Expression profiling by high throughput sequencing,12,TXT,2025/05/30,200205179,GSE205179_gene_fpkm.txt.gz [TXT],SRA Run Selector; Raw data are available in SRA; Processed data are available on Series record
GSE267195,Single-cell landscape of peripheral immune cells in MAFLD/MASH,Homo sapiens,Expression profiling by high throughput sequencing,68,,2025/04/30,200267195,None reported by GEO,
GSE267033,Single-cell landscape of peripheral immune cells in MAFLD/MASH [scRNA-seq],Homo sapiens,Expression profiling by high throughput sequencing,15,TXT,2025/04/30,200267033,GSE267033_counts_RNAseq_sc_WBC.txt.gz [TXT]; GSE267033_metadata_RNAseq_sc_WBC.txt.gz [TXT],SRA Run Selector; Raw data are available in SRA
GSE267032,Bulk White Blood Cells in MAFLD/MASH,Homo sapiens,Expression profiling by high throughput sequencing,35,TXT,2025/04/30,200267032,GSE267032_counts_RNASeq_WBC_bulk.txt.gz [TXT]; GSE267032_tpm_RNASeq_WBC_bulk.txt.gz [TXT],SRA Run Selector; Raw data are available in SRA
GSE267031,Bulk Liver in MAFLD/MASH,Homo sapiens,Expression profiling by high throughput sequencing,18,TXT,2025/04/30,200267031,GSE267031_counts_RNAseq_Liver.txt.gz [TXT]; GSE267031_tpm_RNAseq_Liver.txt.gz [TXT],SRA Run Selector; Raw data are available in SRA
GSE295362,Hepatocyte-derived Pumilio1-enriched exosomes inhibit HSC activation by suppressing tropomyosin-4 translation,Homo sapiens,Expression profiling by high throughput sequencing,6,TXT,2025/04/27,200295362,GSE295362_All_gene_expression_TPM.txt.gz [TXT],SRA Run Selector; Raw data are available in SRA
GSE293127,Activation of the Imprinted Gene Network is a conserved signature of MASLD induced by the early life environment,Homo sapiens,Expression profiling by high throughput sequencing,28,CSV,2025/04/25,200293127,GSE293127_All_counts.csv.gz [CSV],SRA Run Selector; Raw data are available in SRA
GSE266460,Protein tyrosine phosphatase delta is a STAT3-phosphatase and suppressor of metabolic liver disease (HepaRG cells).,Homo sapiens,Expression profiling by high throughput sequencing,6,TXT,2025/03/26,200266460,GSE266460_gene_count.txt.gz [TXT],SRA Run Selector; Raw data are available in SRA
GSE256398,Hepatic stellate cells control liver zonation and function via R-spondin 3,Mus musculus; Homo sapiens,Expression profiling by high throughput sequencing,30,H5,2025/03/03,200256398,GSE256398_RAW.tar [TAR (of H5)],SRA Run Selector; Raw data are available in SRA
GSE267145,The transcription factor ZNF469 regulates collagen production in liver fibrosis,Homo sapiens; Mus musculus,Other; Expression profiling by high throughput sequencing; Genome binding/occupancy profiling by high throughput sequencing,508,,2025/02/27,200267145,None reported by GEO,
GSE288534,Targeting Senescent Hepatocytes for Treatment of Metabolic Dysfunction-associated Steatotic Liver Disease and Multi-organ Dysfunction,Homo sapiens; Mus musculus,Expression profiling by high throughput sequencing,24,"TSV, TXT",2025/02/21,200288534,GSE288534_Palbo_Genecount.txt.gz [TXT]; GSE288534_RAW.tar [TAR (of TSV)],SRA Run Selector; Raw data are available in SRA
GSE289173,Single-cell eQTL analysis identifies genetic variation underlying metabolic dysfunction-associated steatohepatitis,Homo sapiens,Expression profiling by high throughput sequencing,48,"MTX, TSV",2025/02/12,200289173,"GSE289173_RAW.tar [TAR (of MTX, TSV)]",SRA Run Selector; Raw data are available in SRA
GSE282660,Salsalate improves the anti-tumor efficacy of Lenvatinib in MASH-driven hepatocellular carcinoma.,Homo sapiens; Mus musculus,Expression profiling by high throughput sequencing,36,TXT,2025/02/01,200282660,GSE282660_cells_VST_normalized_counts.txt.gz [TXT]; GSE282660_mouse_VST_normalized_counts.txt.gz [TXT],SRA Run Selector; Raw data are available in SRA
GSE270488,Antigen-driven CD8+ T cell clonal expansion is a prominent feature of MASH in humans and mice [human],Homo sapiens,Expression profiling by high throughput sequencing; Other,18,"MTX, TSV",2025/01/22,200270488,GSE270488_human_cell_barcodes.tsv.gz [TSV]; GSE270488_human_metadata.tsv.gz [TSV]; GSE270488_human_normalized_rna_features.tsv.gz [TSV]; GSE270488_human_normalized_rna_matrix.mtx.gz [MTX],SRA Run Selector; Raw data are available in SRA
GSE276114,Integrative proteo-transcriptomic characterization of advanced fibrosis in chronic liver disease across etiologies,Homo sapiens,Expression profiling by high throughput sequencing,177,TXT,2025/01/19,200276114,GSE276114_raw.count.txt.gz [TXT],SRA Run Selector; Raw data are available in SRA
GSE205881,"RNA Sequencing Facilitates Quantitative Analysis of Humanized Normal Livers, NASH Livers, and HCC Transcriptomes",Homo sapiens; Mus musculus,Expression profiling by high throughput sequencing,66,TXT,2025/01/01,200205881,GSE205881_GEO_Submission_June7_raw_count_RNA_Seq_data_mapped_to_human_genome.txt.gz [TXT]; GSE205881_GEO_Submission_June_7_raw_count_RNA_Seq_data_mapped_to_mouse_genome.txt.gz [TXT],SRA Run Selector; Raw data are available in SRA; Processed data are available on Series record
GSE238060,HSD17B13 liquid-liquid phase separation activates autocrine platelet-activating factor signaling in NASH,Homo sapiens; Mus musculus,Expression profiling by high throughput sequencing,12,TXT,2024/12/19,200238060,GSE238060_AAV_KO_FPKM.txt.gz [TXT]; GSE238060_A_NC_FPKM.txt.gz [TXT],SRA Run Selector; Raw data are available in SRA; Processed data are available on Series record
GSE268518,Duodenal-derived organoids from MASH patients exhibit altered digestive homeostasis.,Homo sapiens,Expression profiling by high throughput sequencing,39,TXT,2024/12/13,200268518,GSE268518_CP20M_Biopsies_CTRL_and_MASH_excel_file_complete_expression_profile_14052024.txt.gz [TXT]; GSE268518_CP20M_organoids_MASH_vs_Controls_excel_file_complete_gene_expression_14052024.txt.gz [TXT],SRA Run Selector; Raw data are available in SRA
GSE280378,Induction of MASH in Three-Dimensional Bioprinted Human Liver Tissue,Homo sapiens,Expression profiling by high throughput sequencing,22,CSV,2024/11/29,200280378,GSE280378_20240206115043_raw_pc_genes_counts.csv.gz [CSV],SRA Run Selector; Raw data are available in SRA
GSE244832,Multi-Modal Comparison of human Hepatic Stellate Cells identifies novel therapeutic targets for Metabolic Dysfunction-Associated Steatotic Liver Disease,Homo sapiens,Expression profiling by high throughput sequencing; Genome binding/occupancy profiling by high throughput sequencing,36,BED,2024/11/13,200244832,GSE244832_RAW.tar [TAR (of BED)]; GSE244832_hLIVER_processed_files.tar.gz [TAR],SRA Run Selector; Raw data are available in SRA; Processed data provided as supplementary file
GSE274114,Metabolic dysfunction-associated steatohepatitis reduces interferon and macrophage liver gene signatures in chronic HBV patients,Homo sapiens,Expression profiling by high throughput sequencing,39,SF,2024/10/31,200274114,GSE274114_RAW.tar [TAR (of SF)],SRA Run Selector; Raw data are available in SRA
GSE249997,Liver dysfunction in obesity is associated with cerebrovascular health independently of diabetes and hypertension.,Homo sapiens,Expression profiling by high throughput sequencing,77,TSV,2024/09/30,200249997,GSE249997_RAW.tar [TAR (of TSV)]; GSE249997_merged.counts.77samp.tsv.gz [TSV],SRA Run Selector; Raw data are available in SRA
GSE253380,"ACMSD inhibition corrects fibrosis, inflammation, and DNA damage in MASLD/MASH",Homo sapiens; Mus musculus,Expression profiling by high throughput sequencing,48,XLSX,2024/09/23,200253380,GSE253380_mPH_HLO_tmm_normalized_counts.xlsx [XLSX],SRA Run Selector; Raw data are available in SRA
GSE247407,Induction ofsteatosis in primary human hepatocytes manifests into hepatic pathophysiology of metabolic dysfunction-associated liver disease,Homo sapiens,Expression profiling by high throughput sequencing,30,TXT,2024/08/30,200247407,GSE247407_gene_count.txt.gz [TXT]; GSE247407_gene_fpkm.txt.gz [TXT],SRA Run Selector; Raw data are available in SRA
GSE273561,Aldehydes alter TGF-β signaling and induce obesity and cancer,Homo sapiens; Mus musculus,Expression profiling by high throughput sequencing,27,"CSV, H5, TXT",2024/08/06,200273561,GSE273561_RAW.tar [TAR (of H5)]; GSE273561_TPM_values_siCtrl_vs_25nM_siSptbn1_vs_50nM_siSptbn1_96h.txt.gz [TXT]; GSE273561_aggregation.csv.gz [CSV]; GSE273561_fpkm_WT_vs_KO_vs_double.txt.gz [TXT],SRA Run Selector; Raw data are available in SRA
GSE253493,RNA-Seq experiment of primary hepatic stellate cells (HSCs) and LX-2 cell line treated with TGFb,Homo sapiens,Expression profiling by high throughput sequencing,12,TXT,2024/07/03,200253493,GSE253493_RAW.tar [TAR (of TXT)],SRA Run Selector; Raw data are available in SRA
GSE234415,A new Nuclear-erythroid-2-Related Factor 2 activator for the treatment of human metabolic associated fatty liver disease,Homo sapiens,Expression profiling by high throughput sequencing,36,TXT,2024/06/07,200234415,GSE234415_normalized_counts.txt.gz [TXT]; GSE234415_raw_counts.txt.gz [TXT],SRA Run Selector; Raw data are available in SRA; Processed data are available on Series record
GSE247467,"Transcriptomic characterization of circulating neutrophils isolated from patients with metabolic dysfunction-associated steatohepatitis (MASH), formerly known as nonalcoholic steatohepatitis (NASH).",Homo sapiens,Expression profiling by high throughput sequencing,12,TXT,2024/05/15,200247467,GSE247467_RAW.tar [TAR (of TXT)],SRA Run Selector; Raw data are available in SRA
GSE228087,Monocyte-derived Macrophages,Homo sapiens,Expression profiling by high throughput sequencing,16,CSV,2024/03/20,200228087,GSE228087_MoMF_counts.csv.gz [CSV]; GSE228087_MoMF_tpm.csv.gz [CSV],SRA Run Selector; Raw data are available in SRA; Processed data are available on Series record
GSE228086,Hepatic Stellate Cell Activation after 72hr,Homo sapiens,Expression profiling by high throughput sequencing,12,CSV,2024/03/20,200228086,GSE228086_HSC_counts.csv.gz [CSV]; GSE228086_HSC_tpm.csv.gz [CSV],SRA Run Selector; Raw data are available in SRA; Processed data are available on Series record
GSE174543,Genome-wide RNAseq of liver tissue derived from humanized mice fed by CDA-HFD and treated with CLDN1 mAb or vehicle Control,Homo sapiens; Mus musculus,Expression profiling by high throughput sequencing,10,TSV,2024/03/12,200174543,GSE174543_DESeq2-normalized_counts.tsv.gz [TSV],SRA Run Selector; Raw data are available in SRA; Processed data are available on Series record
GSE245977,The effect of anti-Gremlin-1 treatment on human cirrhotic precision-cut liver slices,Homo sapiens,Expression profiling by high throughput sequencing,12,SF,2024/02/21,200245977,GSE245977_RAW.tar [TAR (of SF)],SRA Run Selector; Raw data are available in SRA
GSE241526,Mitochondrial GpC and CpG DNA hypermethylation cause metabolic stress induced mitophagy and cholestophagy [RNA-seq],Homo sapiens,Expression profiling by high throughput sequencing,23,TXT,2023/12/08,200241526,GSE241526_table_input_gene_counts.txt.gz [TXT],SRA Run Selector; Raw data are available in SRA; Processed data are available on Series record
GSE241474,A genetically engineered mouse model (GEMM) of NUT carcinoma (RNA-Seq),Mus musculus; Homo sapiens,Expression profiling by high throughput sequencing,21,TDF,2023/10/04,200241474,GSE241474_28284_pleural_human.norm.tdf [TDF]; GSE241474_311E_ABBV075.norm.mean.tdf [TDF]; GSE241474_311E_Taz.norm.mean.tdf [TDF]; GSE241474_311E_Taz_ABBV075.norm.mean.tdf [TDF]; GSE241474_311E_dmso.norm.mean.tdf [TDF]; GSE241474_311E_tumor.norm.tdf [TDF]; GSE241474_317E.norm.mean.tdf [TDF]; GSE241474_317E_tumor.norm.tdf [TDF]; GSE241474_GEMM_ctrl.norm.mean.tdf [TDF],SRA Run Selector; Raw data are available in SRA; Processed data are available on Series record
GSE239422,A functional interaction between hepatic Estrogen Receptor-a and PNPLA3 p.I148M variant drives fatty liver diseases susceptibility in women,Homo sapiens,Expression profiling by high throughput sequencing,125,TXT,2023/09/20,200239422,GSE239422_Normalized_Counts.txt.gz [TXT]; GSE239422_RAW_Counts.txt.gz [TXT],SRA Run Selector; Raw data are available in SRA; Processed data are available on Series record
GSE208413,EXCESSIVE INFLAMMATION DRIVES POSTOPERATIVE LIVER FAILURE IN HUMANS - mRNA datasets,Homo sapiens,Expression profiling by high throughput sequencing,57,TXT,2023/03/29,200208413,GSE208413_mRNA_counts.txt.gz [TXT]; GSE208413_mRNA_normalized_counts.txt.gz [TXT],SRA Run Selector; Raw data are available in SRA; Processed data are available on Series record
GSE217968,Characterization of human hepatic natural killer cells in end-stage chronic liver diseases,Homo sapiens,Expression profiling by high throughput sequencing,16,"MTX, TSV",2023/03/22,200217968,"GSE217968_RAW.tar [TAR (of MTX, TSV)]",SRA Run Selector; Raw data are available in SRA; Processed data provided as supplementary file
GSE147304,RNA-Seq analylsis of human NASH and Normal liver tissues,Homo sapiens,Expression profiling by high throughput sequencing,10,TXT,2023/03/20,200147304,GSE147304_gene_expression.txt.gz [TXT],SRA Run Selector; Raw data are available in SRA; Processed data are available on Series record
GSE189600,Hepatocytes demarcated by EphB2 contribute to the progression of non-alcoholic steatohepatitis ,Mus musculus; Homo sapiens,Expression profiling by high throughput sequencing; Genome binding/occupancy profiling by high throughput sequencing,21,"CSV, MTX, TSV",2023/02/08,200189600,"GSE189600_RAW.tar [TAR (of MTX, TSV)]; GSE189600_liver_Deseq2_output.csv.gz [CSV]; GSE189600_liver_rawread_counts.csv.gz [CSV]",SRA Run Selector; Raw data are available in SRA; Processed data provided as supplementary file; Processed data are available on Series record
GSE212837,An autocrine signaling circuit in hepatic stellate cells underlies advanced fibrosis in non-alcoholic steatohepatitis,Mus musculus; Homo sapiens,Expression profiling by high throughput sequencing,20,"H5AD, MTX, TSV",2022/10/21,200212837,"GSE212837_RAW.tar [TAR (of MTX, TSV)]; GSE212837_all_data_labeled_processed.h5ad.gz [H5AD]",SRA Run Selector; Raw data are available in SRA; Processed data provided as supplementary file; Processed data are available on Series record
GSE173736,Transcriptional regulation of liver lipotoxicity in non-alcoholic steatohepatitis,Homo sapiens; Mus musculus,Expression profiling by high throughput sequencing; Genome binding/occupancy profiling by high throughput sequencing,52,,2022/07/13,200173736,None reported by GEO,
GSE173735,Transcriptional regulation of liver lipotoxicity in non-alcoholic steatohepatitis [RNA-seq],Homo sapiens; Mus musculus,Expression profiling by high throughput sequencing,38,XLSX,2022/07/13,200173735,GSE173735_J51.1_processed_data.xlsx [XLSX]; GSE173735_J78.3_processed_data.xlsx [XLSX]; GSE173735_J78.4_processed_data.xlsx [XLSX]; GSE173735_J9.1_processed_data.xlsx [XLSX],SRA Run Selector; Raw data are available in SRA; Processed data are available on Series record
GSE175448,Transcriptome profiles of liver biopsy tissues before and after cenicriviroc treatment in patients with non-alcoholic steatohepatitis,Homo sapiens,Expression profiling by high throughput sequencing,38,TXT,2022/01/09,200175448,GSE175448_Centaur_rawReadCount.txt.gz [TXT],SRA Run Selector; Raw data are available in SRA; Processed data are available on Series record
GSE179395,Butyrate protects against diet-induced liver fibrosis and suppresses non-canonical TGF-β signaling in human stellate cells,Homo sapiens,Expression profiling by high throughput sequencing,22,TSV,2021/12/21,200179395,GSE179395_RAW.tar [TAR (of TSV)]; GSE179395_merged.counts.tsv.gz [TSV],SRA Run Selector; Raw data are available in SRA; Processed data provided as supplementary file
GSE180882,Transcriptome characterization of organoids derived from healthy and irreversibly damaged NASH patient liver,Homo sapiens,Expression profiling by high throughput sequencing,45,CSV,2021/07/28,200180882,GSE180882_Raabe_Set1_RawReads_45samp.csv.gz [CSV],SRA Run Selector; Raw data are available in SRA; Processed data are available on Series record
GSE169084,A human liver cell-based system modeling a clinical prognostic liver signature combined with single-cell RNA-Seq for discovery of liver disease therapeutics,Homo sapiens,Expression profiling by high throughput sequencing,12,TXT,2021/07/19,200169084,GSE169084_Huh7dif_rawReadCounts.txt.gz [TXT],SRA Run Selector; Raw data are available in SRA; Processed data are available on Series record
GSE173671,A human liver cell-based system modeling a clinical prognostic liver signature combined with single-cell RNA-Seq for discovery of liver disease therapeutics,Homo sapiens,Expression profiling by high throughput sequencing,2,TSV,2021/07/01,200173671,GSE173671_gene_counts_matrix.tsv.gz [TSV],SRA Run Selector; Raw data are available in SRA; Processed data are available on Series record
GSE169447,XCR1+ type 1 conventional dendritic cells drive liver pathology in Non-Alcoholic Steatohepatitis.,Homo sapiens; Mus musculus,Expression profiling by high throughput sequencing,122,"MTX, TSV, TXT",2021/05/21,200169447,"GSE169447_RAW.tar [TAR (of MTX, TSV, TXT)]",SRA Run Selector
GSE159977,Immune-checkpoint blockade lacks anti-tumorgenicity in NASH-induced HCC,Homo sapiens,Expression profiling by high throughput sequencing,10,"CSV, MTX, TSV",2020/10/24,200159977,"GSE159977_RAW.tar [TAR (of MTX, TSV)]; GSE159977_scRNA-liver.integrated.csv.gz [CSV]; GSE159977_scRNA_metadata.csv.gz [CSV]",SRA Run Selector; Raw data are available in SRA; Processed data provided as supplementary file; Processed data are available on Series record
GSE149298,Integrative molecular profiling of autoreactive CD4 T cells in autoimmune hepatitis,Homo sapiens,Expression profiling by high throughput sequencing,14,"CSV, DOCX, XLSX",2020/05/29,200149298,GSE149298_TcellsAIH_FB5Pseq_filtered_genes_UMI.csv.gz [CSV]; GSE149298_TcellsAIH_FB5Pseq_filtered_metadata.xlsx [XLSX]; GSE149298_scRNAseqMetrics_SupplementaryTable_Geo.docx.gz [DOCX],SRA Run Selector; Raw data are available in SRA; Processed data are available on Series record
GSE148849,Gene Expression Analysis of the response to ACC inhibition,Homo sapiens; Mus musculus,Expression profiling by high throughput sequencing,74,TXT,2020/04/24,200148849,GSE148849_RAW.tar [TAR (of TXT)],SRA Run Selector; Raw data are available in SRA; Processed data provided as supplementary file
GSE143319,"Inhibition of Grb14, a negative modulator of insulin signaling,  improves glucose homeostasis without causing cardiac dysfunction",Homo sapiens,Expression profiling by high throughput sequencing,50,XLSX,2020/04/14,200143319,GSE143319_MHOvsMUO_FPKM.xlsx [XLSX]; GSE143319_WL_FPKM.xlsx [XLSX],SRA Run Selector; Raw data are available in SRA; Processed data are available on Series record
GSE134422,HNF4α nuclear localization correlates with the clinical progression of terminal hepatic failure in humans,Homo sapiens,Expression profiling by high throughput sequencing,7,BEDGRAPH,2020/03/19,200134422,GSE134422_RAW.tar [TAR (of BEDGRAPH)],SRA Run Selector; Raw data are available in SRA; Processed data provided as supplementary file
GSE126798,"Human liver organoids; a patient-derived primary model for HBV Infection, Replication and Related Hepatocellular Carcinoma",Homo sapiens,Expression profiling by high throughput sequencing,25,TXT,2020/02/20,200126798,GSE126798_P_vs_H_DESeq_normalized_counts.txt.gz [TXT]; GSE126798_RAW.tar [TAR (of TXT)],SRA Run Selector; Raw data are available in SRA; Processed data provided as supplementary file; Processed data are available on Series record
GSE128940,IL-11 neutralising therapies for the treatment of nonalcoholic steatohepatitis,Homo sapiens; Mus musculus,Expression profiling by high throughput sequencing,30,TXT,2019/06/22,200128940,GSE128940_counts_human.txt.gz [TXT]; GSE128940_counts_mouse.txt.gz [TXT],SRA Run Selector; Raw data are available in SRA; Processed data are available on Series record
GSE129933,Chronic Liver Disease in Humans Causes Expansion and Differentiation of Liver Lymphatic Endothelial Cells,Homo sapiens,Expression profiling by high throughput sequencing,4,TSV,2019/04/18,200129933,GSE129933_cell_metadata.tsv.gz [TSV]; GSE129933_count_matrix.tsv.gz [TSV],SRA Run Selector; Raw data are available in SRA; Processed data are available on Series record
GSE99349,Gene Network Dysregulation in Dorsolateral Prefrontal Cortex Neurons of Humans with Cocaine Use Disorder,Homo sapiens,Expression profiling by high throughput sequencing,36,XLSX,2018/01/01,200099349,GSE99349_Expression_Matrix.xlsx [XLSX]; GSE99349_Human_dlPFC_Cocaine_DEG_Ribeiro_2017.xlsx.gz [XLSX],SRA Run Selector; Raw data are available in SRA; Processed data are available on Series record
GSE89063,Development of an In Vitro Human Liver System for Interrogating Non-Alcoholic Steatohepatitis,Homo sapiens,Expression profiling by high throughput sequencing,17,TSV,2017/08/24,200089063,GSE89063_gene_counts.tsv.gz [TSV],SRA Run Selector; Raw data are available in SRA; Processed data are available on Series record
