accession,filename,geo_file_type,geo_reported_size,geo_size_bytes,geo_download_url,source_url
GSE159262,GSE159262_normalized.csv.gz,CSV,26.9 Mb,28157422,ftp://ftp.ncbi.nlm.nih.gov/geo/series/GSE159nnn/GSE159262/suppl/GSE159262%5Fnormalized%2Ecsv%2Egz,https://www.ncbi.nlm.nih.gov/geo/query/acc.cgi?acc=GSE159262
GSE159262,GSE159262_raw.csv.gz,CSV,50.5 Mb,52985933,ftp://ftp.ncbi.nlm.nih.gov/geo/series/GSE159nnn/GSE159262/suppl/GSE159262%5Fraw%2Ecsv%2Egz,https://www.ncbi.nlm.nih.gov/geo/query/acc.cgi?acc=GSE159262
GSE336962,GSE336962_PA_12w_normalized_counts.csv.gz,CSV,1.1 Mb,1103318,ftp://ftp.ncbi.nlm.nih.gov/geo/series/GSE336nnn/GSE336962/suppl/GSE336962%5FPA%5F12w%5Fnormalized%5Fcounts%2Ecsv%2Egz,https://www.ncbi.nlm.nih.gov/geo/query/acc.cgi?acc=GSE336962
GSE336962,GSE336962_PA_48h_normalized_counts.csv.gz,CSV,1.0 Mb,1100026,ftp://ftp.ncbi.nlm.nih.gov/geo/series/GSE336nnn/GSE336962/suppl/GSE336962%5FPA%5F48h%5Fnormalized%5Fcounts%2Ecsv%2Egz,https://www.ncbi.nlm.nih.gov/geo/query/acc.cgi?acc=GSE336962
GSE336962,GSE336962_PA_6w_normalized_counts.csv.gz,CSV,1.1 Mb,1104469,ftp://ftp.ncbi.nlm.nih.gov/geo/series/GSE336nnn/GSE336962/suppl/GSE336962%5FPA%5F6w%5Fnormalized%5Fcounts%2Ecsv%2Egz,https://www.ncbi.nlm.nih.gov/geo/query/acc.cgi?acc=GSE336962
GSE300257,GSE300257_ExpressionProfile.txt.gz,TXT,49.7 Kb,50861,ftp://ftp.ncbi.nlm.nih.gov/geo/series/GSE300nnn/GSE300257/suppl/GSE300257%5FExpressionProfile%2Etxt%2Egz,https://www.ncbi.nlm.nih.gov/geo/query/acc.cgi?acc=GSE300257
GSE270357,GSE270357_TPMs_allsamples.txt.gz,TXT,838.0 Kb,858147,ftp://ftp.ncbi.nlm.nih.gov/geo/series/GSE270nnn/GSE270357/suppl/GSE270357%5FTPMs%5Fallsamples%2Etxt%2Egz,https://www.ncbi.nlm.nih.gov/geo/query/acc.cgi?acc=GSE270357
GSE316562,GSE316562_processed_data_file.xls.gz,XLS,4.8 Mb,5065013,ftp://ftp.ncbi.nlm.nih.gov/geo/series/GSE316nnn/GSE316562/suppl/GSE316562%5Fprocessed%5Fdata%5Ffile%2Exls%2Egz,https://www.ncbi.nlm.nih.gov/geo/query/acc.cgi?acc=GSE316562
GSE296996,GSE296996_count_matrix.txt.gz,TXT,509.6 Kb,521879,ftp://ftp.ncbi.nlm.nih.gov/geo/series/GSE296nnn/GSE296996/suppl/GSE296996%5Fcount%5Fmatrix%2Etxt%2Egz,https://www.ncbi.nlm.nih.gov/geo/query/acc.cgi?acc=GSE296996
GSE281797,GSE281797_GeneCount.txt.gz,TXT,3.9 Mb,4124521,ftp://ftp.ncbi.nlm.nih.gov/geo/series/GSE281nnn/GSE281797/suppl/GSE281797%5FGeneCount%2Etxt%2Egz,https://www.ncbi.nlm.nih.gov/geo/query/acc.cgi?acc=GSE281797
GSE281797,GSE281797_tpm.txt.gz,TXT,5.4 Mb,5617754,ftp://ftp.ncbi.nlm.nih.gov/geo/series/GSE281nnn/GSE281797/suppl/GSE281797%5Ftpm%2Etxt%2Egz,https://www.ncbi.nlm.nih.gov/geo/query/acc.cgi?acc=GSE281797
GSE253186,GSE253186_RAW.tar,"TAR (of MTX, TSV)",56.2 Mb,58982400,https://www.ncbi.nlm.nih.gov/geo/download/?acc=GSE253186&format=file,https://www.ncbi.nlm.nih.gov/geo/query/acc.cgi?acc=GSE253186
GSE286572,GSE286572_processed_data_gene_count_Allsamples.xlsx,XLSX,11.7 Mb,12258595,ftp://ftp.ncbi.nlm.nih.gov/geo/series/GSE286nnn/GSE286572/suppl/GSE286572%5Fprocessed%5Fdata%5Fgene%5Fcount%5FAllsamples%2Exlsx,https://www.ncbi.nlm.nih.gov/geo/query/acc.cgi?acc=GSE286572
GSE272035,GSE272035_RAW.tar,TAR (of TXT),14.8 Mb,15534080,https://www.ncbi.nlm.nih.gov/geo/download/?acc=GSE272035&format=file,https://www.ncbi.nlm.nih.gov/geo/query/acc.cgi?acc=GSE272035
GSE272035,GSE272035_matrix.txt.gz,TXT,6.7 Mb,7011782,ftp://ftp.ncbi.nlm.nih.gov/geo/series/GSE272nnn/GSE272035/suppl/GSE272035%5Fmatrix%2Etxt%2Egz,https://www.ncbi.nlm.nih.gov/geo/query/acc.cgi?acc=GSE272035
GSE287614,GSE287614_hsc_tgfbeta_rnaseq_cnts.txt.gz,TXT,563.3 Kb,576868,ftp://ftp.ncbi.nlm.nih.gov/geo/series/GSE287nnn/GSE287614/suppl/GSE287614%5Fhsc%5Ftgfbeta%5Frnaseq%5Fcnts%2Etxt%2Egz,https://www.ncbi.nlm.nih.gov/geo/query/acc.cgi?acc=GSE287614
GSE269412,GSE269412_DRX0FLO_rnaseq_count_mat.txt.gz,TXT,11.1 Mb,11604584,ftp://ftp.ncbi.nlm.nih.gov/geo/series/GSE269nnn/GSE269412/suppl/GSE269412%5FDRX0FLO%5Frnaseq%5Fcount%5Fmat%2Etxt%2Egz,https://www.ncbi.nlm.nih.gov/geo/query/acc.cgi?acc=GSE269412
GSE266939,GSE266939_hsc_rnaseq_cnts.txt.gz,TXT,1.2 Mb,1261149,ftp://ftp.ncbi.nlm.nih.gov/geo/series/GSE266nnn/GSE266939/suppl/GSE266939%5Fhsc%5Frnaseq%5Fcnts%2Etxt%2Egz,https://www.ncbi.nlm.nih.gov/geo/query/acc.cgi?acc=GSE266939
GSE255384,GSE255384_FPKMMatrix.txt.gz,TXT,1.5 Mb,1614946,ftp://ftp.ncbi.nlm.nih.gov/geo/series/GSE255nnn/GSE255384/suppl/GSE255384%5FFPKMMatrix%2Etxt%2Egz,https://www.ncbi.nlm.nih.gov/geo/query/acc.cgi?acc=GSE255384
GSE288077,GSE288077_Human_FPKMs.csv.gz,CSV,2.5 Mb,2592354,ftp://ftp.ncbi.nlm.nih.gov/geo/series/GSE288nnn/GSE288077/suppl/GSE288077%5FHuman%5FFPKMs%2Ecsv%2Egz,https://www.ncbi.nlm.nih.gov/geo/query/acc.cgi?acc=GSE288077
GSE288077,GSE288077_Mouse_FPKMs.csv.gz,CSV,1.2 Mb,1308081,ftp://ftp.ncbi.nlm.nih.gov/geo/series/GSE288nnn/GSE288077/suppl/GSE288077%5FMouse%5FFPKMs%2Ecsv%2Egz,https://www.ncbi.nlm.nih.gov/geo/query/acc.cgi?acc=GSE288077
GSE288077,GSE288077_raw_counts_Human.txt.gz,TXT,1020.6 Kb,1045090,ftp://ftp.ncbi.nlm.nih.gov/geo/series/GSE288nnn/GSE288077/suppl/GSE288077%5Fraw%5Fcounts%5FHuman%2Etxt%2Egz,https://www.ncbi.nlm.nih.gov/geo/query/acc.cgi?acc=GSE288077
GSE288077,GSE288077_raw_counts_Mouse.txt.gz,TXT,537.5 Kb,550406,ftp://ftp.ncbi.nlm.nih.gov/geo/series/GSE288nnn/GSE288077/suppl/GSE288077%5Fraw%5Fcounts%5FMouse%2Etxt%2Egz,https://www.ncbi.nlm.nih.gov/geo/query/acc.cgi?acc=GSE288077
GSE278008,GSE278008_TPMs_allsamples.txt.gz,TXT,9.3 Mb,9721124,ftp://ftp.ncbi.nlm.nih.gov/geo/series/GSE278nnn/GSE278008/suppl/GSE278008%5FTPMs%5Fallsamples%2Etxt%2Egz,https://www.ncbi.nlm.nih.gov/geo/query/acc.cgi?acc=GSE278008
GSE260862,GSE260862_gene_expression.xls.gz,XLS,5.3 Mb,5531195,ftp://ftp.ncbi.nlm.nih.gov/geo/series/GSE260nnn/GSE260862/suppl/GSE260862%5Fgene%5Fexpression%2Exls%2Egz,https://www.ncbi.nlm.nih.gov/geo/query/acc.cgi?acc=GSE260862
GSE279791,GSE279791_fpkm.txt.gz,TXT,964.0 Kb,987088,ftp://ftp.ncbi.nlm.nih.gov/geo/series/GSE279nnn/GSE279791/suppl/GSE279791%5Ffpkm%2Etxt%2Egz,https://www.ncbi.nlm.nih.gov/geo/query/acc.cgi?acc=GSE279791
GSE268273,GSE268273_EGN_RNAseq_Normalized_data.xlsx,XLSX,20.1 Mb,21040030,ftp://ftp.ncbi.nlm.nih.gov/geo/series/GSE268nnn/GSE268273/suppl/GSE268273%5FEGN%5FRNAseq%5FNormalized%5Fdata%2Exlsx,https://www.ncbi.nlm.nih.gov/geo/query/acc.cgi?acc=GSE268273
GSE268273,GSE268273_EGN_RNAseq_Processed_data.xlsx,XLSX,1.5 Mb,1568800,ftp://ftp.ncbi.nlm.nih.gov/geo/series/GSE268nnn/GSE268273/suppl/GSE268273%5FEGN%5FRNAseq%5FProcessed%5Fdata%2Exlsx,https://www.ncbi.nlm.nih.gov/geo/query/acc.cgi?acc=GSE268273
GSE210140,GSE210140_UJ3100_exp_gene_level_count.txt.gz,TXT,638.4 Kb,653686,ftp://ftp.ncbi.nlm.nih.gov/geo/series/GSE210nnn/GSE210140/suppl/GSE210140%5FUJ3100%5Fexp%5Fgene%5Flevel%5Fcount%2Etxt%2Egz,https://www.ncbi.nlm.nih.gov/geo/query/acc.cgi?acc=GSE210140
GSE210140,GSE210140_UJ3100_exp_gene_level_tpm.txt.gz,TXT,1.5 Mb,1564207,ftp://ftp.ncbi.nlm.nih.gov/geo/series/GSE210nnn/GSE210140/suppl/GSE210140%5FUJ3100%5Fexp%5Fgene%5Flevel%5Ftpm%2Etxt%2Egz,https://www.ncbi.nlm.nih.gov/geo/query/acc.cgi?acc=GSE210140
GSE238219,GSE238219_RAW.tar,TAR (of TAR),614.0 Mb,643778560,https://www.ncbi.nlm.nih.gov/geo/download/?acc=GSE238219&format=file,https://www.ncbi.nlm.nih.gov/geo/query/acc.cgi?acc=GSE238219
GSE269926,GSE269926_barcodes.tsv.gz,TSV,30.8 Kb,31520,ftp://ftp.ncbi.nlm.nih.gov/geo/series/GSE269nnn/GSE269926/suppl/GSE269926%5Fbarcodes%2Etsv%2Egz,https://www.ncbi.nlm.nih.gov/geo/query/acc.cgi?acc=GSE269926
GSE269926,GSE269926_features.tsv.gz,TSV,236.7 Kb,242430,ftp://ftp.ncbi.nlm.nih.gov/geo/series/GSE269nnn/GSE269926/suppl/GSE269926%5Ffeatures%2Etsv%2Egz,https://www.ncbi.nlm.nih.gov/geo/query/acc.cgi?acc=GSE269926
GSE269926,GSE269926_matrix.mtx.gz,MTX,27.5 Mb,28875618,ftp://ftp.ncbi.nlm.nih.gov/geo/series/GSE269nnn/GSE269926/suppl/GSE269926%5Fmatrix%2Emtx%2Egz,https://www.ncbi.nlm.nih.gov/geo/query/acc.cgi?acc=GSE269926
GSE269926,GSE269926_meta_data.tsv.gz,TSV,38.0 Kb,38868,ftp://ftp.ncbi.nlm.nih.gov/geo/series/GSE269nnn/GSE269926/suppl/GSE269926%5Fmeta%5Fdata%2Etsv%2Egz,https://www.ncbi.nlm.nih.gov/geo/query/acc.cgi?acc=GSE269926
GSE248376,GSE248376_hepatokineTPM_GEO.csv.gz,CSV,680.4 Kb,696706,ftp://ftp.ncbi.nlm.nih.gov/geo/series/GSE248nnn/GSE248376/suppl/GSE248376%5FhepatokineTPM%5FGEO%2Ecsv%2Egz,https://www.ncbi.nlm.nih.gov/geo/query/acc.cgi?acc=GSE248376
GSE246221,GSE246221_rawcounts_allsamples_human.txt.gz,TXT,2.4 Mb,2536666,ftp://ftp.ncbi.nlm.nih.gov/geo/series/GSE246nnn/GSE246221/suppl/GSE246221%5Frawcounts%5Fallsamples%5Fhuman%2Etxt%2Egz,https://www.ncbi.nlm.nih.gov/geo/query/acc.cgi?acc=GSE246221
GSE246221,GSE246221_rawcounts_allsamples_mouse.txt.gz,TXT,5.0 Mb,5213663,ftp://ftp.ncbi.nlm.nih.gov/geo/series/GSE246nnn/GSE246221/suppl/GSE246221%5Frawcounts%5Fallsamples%5Fmouse%2Etxt%2Egz,https://www.ncbi.nlm.nih.gov/geo/query/acc.cgi?acc=GSE246221
GSE246221,GSE246221_rawcounts_newsamples_mouse.txt.gz,TXT,793.2 Kb,812280,ftp://ftp.ncbi.nlm.nih.gov/geo/series/GSE246nnn/GSE246221/suppl/GSE246221%5Frawcounts%5Fnewsamples%5Fmouse%2Etxt%2Egz,https://www.ncbi.nlm.nih.gov/geo/query/acc.cgi?acc=GSE246221
GSE246223,GSE246223_RAW.tar,"TAR (of BED, BW)",4.5 Gb,4805969920,https://www.ncbi.nlm.nih.gov/geo/download/?acc=GSE246223&format=file,https://www.ncbi.nlm.nih.gov/geo/query/acc.cgi?acc=GSE246223
GSE240729,GSE240729_RAW.tar,TAR (of TSV),14.4 Mb,15073280,https://www.ncbi.nlm.nih.gov/geo/download/?acc=GSE240729&format=file,https://www.ncbi.nlm.nih.gov/geo/query/acc.cgi?acc=GSE240729
GSE240729,GSE240729_merged.counts.67samp.txt.gz,TXT,2.7 Mb,2843775,ftp://ftp.ncbi.nlm.nih.gov/geo/series/GSE240nnn/GSE240729/suppl/GSE240729%5Fmerged%2Ecounts%2E67samp%2Etxt%2Egz,https://www.ncbi.nlm.nih.gov/geo/query/acc.cgi?acc=GSE240729
GSE260666,GSE260666_raw_counts.txt.gz,TXT,757.5 Kb,775731,ftp://ftp.ncbi.nlm.nih.gov/geo/series/GSE260nnn/GSE260666/suppl/GSE260666%5Fraw%5Fcounts%2Etxt%2Egz,https://www.ncbi.nlm.nih.gov/geo/query/acc.cgi?acc=GSE260666
GSE229608,GSE229608_RAW.tar,"TAR (of MTX, TSV)",90.2 Mb,94607360,https://www.ncbi.nlm.nih.gov/geo/download/?acc=GSE229608&format=file,https://www.ncbi.nlm.nih.gov/geo/query/acc.cgi?acc=GSE229608
GSE229596,GSE229596_merged.expression_Profile.GRCh38.gene.txt.gz,TXT,1.1 Mb,1160133,ftp://ftp.ncbi.nlm.nih.gov/geo/series/GSE229nnn/GSE229596/suppl/GSE229596%5Fmerged%2Eexpression%5FProfile%2EGRCh38%2Egene%2Etxt%2Egz,https://www.ncbi.nlm.nih.gov/geo/query/acc.cgi?acc=GSE229596
GSE261297,GSE261297_primary_count_gene.Counts.Table.txt.gz,TXT,3.4 Mb,3535637,ftp://ftp.ncbi.nlm.nih.gov/geo/series/GSE261nnn/GSE261297/suppl/GSE261297%5Fprimary%5Fcount%5Fgene%2ECounts%2ETable%2Etxt%2Egz,https://www.ncbi.nlm.nih.gov/geo/query/acc.cgi?acc=GSE261297
GSE202379,GSE202379_RAW.tar,TAR (of CSV),567.7 Mb,595322880,https://www.ncbi.nlm.nih.gov/geo/download/?acc=GSE202379&format=file,https://www.ncbi.nlm.nih.gov/geo/query/acc.cgi?acc=GSE202379
GSE202379,GSE202379_SeuratObject_AllCells.rds.gz,RDS,2.6 Gb,2840561837,ftp://ftp.ncbi.nlm.nih.gov/geo/series/GSE202nnn/GSE202379/suppl/GSE202379%5FSeuratObject%5FAllCells%2Erds%2Egz,https://www.ncbi.nlm.nih.gov/geo/query/acc.cgi?acc=GSE202379
GSE248320,GSE248320_raw_counts_cells_longRNA.csv.gz,CSV,330.4 Kb,338321,ftp://ftp.ncbi.nlm.nih.gov/geo/series/GSE248nnn/GSE248320/suppl/GSE248320%5Fraw%5Fcounts%5Fcells%5FlongRNA%2Ecsv%2Egz,https://www.ncbi.nlm.nih.gov/geo/query/acc.cgi?acc=GSE248320
GSE207889,GSE207889_GEO_supplementary_files.xlsx,XLSX,9.1 Kb,9369,ftp://ftp.ncbi.nlm.nih.gov/geo/series/GSE207nnn/GSE207889/suppl/GSE207889%5FGEO%5Fsupplementary%5Ffiles%2Exlsx,https://www.ncbi.nlm.nih.gov/geo/query/acc.cgi?acc=GSE207889
GSE207889,GSE207889_RAW.tar,"TAR (of MTX, TSV)",1.1 Gb,1153802240,https://www.ncbi.nlm.nih.gov/geo/download/?acc=GSE207889&format=file,https://www.ncbi.nlm.nih.gov/geo/query/acc.cgi?acc=GSE207889
GSE207889,GSE207889_day21.h5ad.gz,H5AD,184.2 Mb,193168805,ftp://ftp.ncbi.nlm.nih.gov/geo/series/GSE207nnn/GSE207889/suppl/GSE207889%5Fday21%2Eh5ad%2Egz,https://www.ncbi.nlm.nih.gov/geo/query/acc.cgi?acc=GSE207889
GSE207889,GSE207889_masld-hlos_merged.h5ad.gz,H5AD,613.9 Mb,643712675,ftp://ftp.ncbi.nlm.nih.gov/geo/series/GSE207nnn/GSE207889/suppl/GSE207889%5Fmasld%2Dhlos%5Fmerged%2Eh5ad%2Egz,https://www.ncbi.nlm.nih.gov/geo/query/acc.cgi?acc=GSE207889
GSE207889,GSE207889_os.h5ad.gz,H5AD,652.5 Mb,684246776,ftp://ftp.ncbi.nlm.nih.gov/geo/series/GSE207nnn/GSE207889/suppl/GSE207889%5Fos%2Eh5ad%2Egz,https://www.ncbi.nlm.nih.gov/geo/query/acc.cgi?acc=GSE207889
GSE214432,GSE214432_NAFLD_HCC.gct.gz,GCT,5.3 Mb,5603879,ftp://ftp.ncbi.nlm.nih.gov/geo/series/GSE214nnn/GSE214432/suppl/GSE214432%5FNAFLD%5FHCC%2Egct%2Egz,https://www.ncbi.nlm.nih.gov/geo/query/acc.cgi?acc=GSE214432
GSE233808,GSE233808_RAW.tar,TAR (of BW),83.0 Mb,87009280,https://www.ncbi.nlm.nih.gov/geo/download/?acc=GSE233808&format=file,https://www.ncbi.nlm.nih.gov/geo/query/acc.cgi?acc=GSE233808
GSE233806,GSE233806_Raw_counts_txt.csv.gz,CSV,4.0 Mb,4172534,ftp://ftp.ncbi.nlm.nih.gov/geo/series/GSE233nnn/GSE233806/suppl/GSE233806%5FRaw%5Fcounts%5Ftxt%2Ecsv%2Egz,https://www.ncbi.nlm.nih.gov/geo/query/acc.cgi?acc=GSE233806
GSE231875,GSE231875_ExpressionProfile.txt.gz,TXT,1.8 Mb,1846064,ftp://ftp.ncbi.nlm.nih.gov/geo/series/GSE231nnn/GSE231875/suppl/GSE231875%5FExpressionProfile%2Etxt%2Egz,https://www.ncbi.nlm.nih.gov/geo/query/acc.cgi?acc=GSE231875
GSE200418,GSE200418_1047_uReads.txt.gz,TXT,25.4 Mb,26593295,ftp://ftp.ncbi.nlm.nih.gov/geo/series/GSE200nnn/GSE200418/suppl/GSE200418%5F1047%5FuReads%2Etxt%2Egz,https://www.ncbi.nlm.nih.gov/geo/query/acc.cgi?acc=GSE200418
GSE200418,GSE200418_1047_uTPM.txt.gz,TXT,6.2 Mb,6478557,ftp://ftp.ncbi.nlm.nih.gov/geo/series/GSE200nnn/GSE200418/suppl/GSE200418%5F1047%5FuTPM%2Etxt%2Egz,https://www.ncbi.nlm.nih.gov/geo/query/acc.cgi?acc=GSE200418
GSE223652,GSE223652_counts_matrix_for_GEO_final.csv.gz,CSV,810.8 Kb,830302,ftp://ftp.ncbi.nlm.nih.gov/geo/series/GSE223nnn/GSE223652/suppl/GSE223652%5Fcounts%5Fmatrix%5Ffor%5FGEO%5Ffinal%2Ecsv%2Egz,https://www.ncbi.nlm.nih.gov/geo/query/acc.cgi?acc=GSE223652
GSE213621,GSE213621_FPKMs_allsamples.txt.gz,TXT,31.7 Mb,33224068,ftp://ftp.ncbi.nlm.nih.gov/geo/series/GSE213nnn/GSE213621/suppl/GSE213621%5FFPKMs%5Fallsamples%2Etxt%2Egz,https://www.ncbi.nlm.nih.gov/geo/query/acc.cgi?acc=GSE213621
GSE206417,GSE206417_RAW.tar,TAR (of TXT),8.4 Mb,8847360,https://www.ncbi.nlm.nih.gov/geo/download/?acc=GSE206417&format=file,https://www.ncbi.nlm.nih.gov/geo/query/acc.cgi?acc=GSE206417
GSE152091,GSE152091_RAW.tar,TAR (of TXT),13.4 Mb,14100480,https://www.ncbi.nlm.nih.gov/geo/download/?acc=GSE152091&format=file,https://www.ncbi.nlm.nih.gov/geo/query/acc.cgi?acc=GSE152091
GSE225740,GSE225740_NAFLD_RNA_counts.csv.gz,CSV,3.1 Mb,3207122,ftp://ftp.ncbi.nlm.nih.gov/geo/series/GSE225nnn/GSE225740/suppl/GSE225740%5FNAFLD%5FRNA%5Fcounts%2Ecsv%2Egz,https://www.ncbi.nlm.nih.gov/geo/query/acc.cgi?acc=GSE225740
GSE225740,GSE225740_NAFLD_phenotypes.csv.gz,CSV,412 b,412,ftp://ftp.ncbi.nlm.nih.gov/geo/series/GSE225nnn/GSE225740/suppl/GSE225740%5FNAFLD%5Fphenotypes%2Ecsv%2Egz,https://www.ncbi.nlm.nih.gov/geo/query/acc.cgi?acc=GSE225740
GSE221705,GSE221705_processed_raw_data_HendriksArtegianiClevers.csv.gz,CSV,696.5 Kb,713172,ftp://ftp.ncbi.nlm.nih.gov/geo/series/GSE221nnn/GSE221705/suppl/GSE221705%5Fprocessed%5Fraw%5Fdata%5FHendriksArtegianiClevers%2Ecsv%2Egz,https://www.ncbi.nlm.nih.gov/geo/query/acc.cgi?acc=GSE221705
GSE223990,GSE223990_All.counts.txt.gz,TXT,382.1 Kb,391267,ftp://ftp.ncbi.nlm.nih.gov/geo/series/GSE223nnn/GSE223990/suppl/GSE223990%5FAll%2Ecounts%2Etxt%2Egz,https://www.ncbi.nlm.nih.gov/geo/query/acc.cgi?acc=GSE223990
GSE197399,GSE197399_Foxa2_H_NAFLD_Mild.bed.gz,BED,40.8 Kb,41800,ftp://ftp.ncbi.nlm.nih.gov/geo/series/GSE197nnn/GSE197399/suppl/GSE197399%5FFoxa2%5FH%5FNAFLD%5FMild%2Ebed%2Egz,https://www.ncbi.nlm.nih.gov/geo/query/acc.cgi?acc=GSE197399
GSE197399,GSE197399_Foxa2_H_NAFLD_Severe.bed.gz,BED,88.0 Kb,90124,ftp://ftp.ncbi.nlm.nih.gov/geo/series/GSE197nnn/GSE197399/suppl/GSE197399%5FFoxa2%5FH%5FNAFLD%5FSevere%2Ebed%2Egz,https://www.ncbi.nlm.nih.gov/geo/query/acc.cgi?acc=GSE197399
GSE197399,GSE197399_Foxa2_H_normal_patients.bed.gz,BED,61.0 Kb,62481,ftp://ftp.ncbi.nlm.nih.gov/geo/series/GSE197nnn/GSE197399/suppl/GSE197399%5FFoxa2%5FH%5Fnormal%5Fpatients%2Ebed%2Egz,https://www.ncbi.nlm.nih.gov/geo/query/acc.cgi?acc=GSE197399
GSE197399,GSE197399_Foxa2_ND.bed.gz,BED,64.2 Kb,65788,ftp://ftp.ncbi.nlm.nih.gov/geo/series/GSE197nnn/GSE197399/suppl/GSE197399%5FFoxa2%5FND%2Ebed%2Egz,https://www.ncbi.nlm.nih.gov/geo/query/acc.cgi?acc=GSE197399
GSE197399,GSE197399_Foxa2_WD12.bed.gz,BED,98.9 Kb,101285,ftp://ftp.ncbi.nlm.nih.gov/geo/series/GSE197nnn/GSE197399/suppl/GSE197399%5FFoxa2%5FWD12%2Ebed%2Egz,https://www.ncbi.nlm.nih.gov/geo/query/acc.cgi?acc=GSE197399
GSE197399,GSE197399_Foxa2_WD8.bed.gz,BED,46.5 Kb,47604,ftp://ftp.ncbi.nlm.nih.gov/geo/series/GSE197nnn/GSE197399/suppl/GSE197399%5FFoxa2%5FWD8%2Ebed%2Egz,https://www.ncbi.nlm.nih.gov/geo/query/acc.cgi?acc=GSE197399
GSE197399,GSE197399_LaminB1_H_NAFLD_Mild.bed.gz,BED,10.2 Kb,10481,ftp://ftp.ncbi.nlm.nih.gov/geo/series/GSE197nnn/GSE197399/suppl/GSE197399%5FLaminB1%5FH%5FNAFLD%5FMild%2Ebed%2Egz,https://www.ncbi.nlm.nih.gov/geo/query/acc.cgi?acc=GSE197399
GSE197399,GSE197399_LaminB1_H_NAFLD_Severe.bed.gz,BED,11.4 Kb,11660,ftp://ftp.ncbi.nlm.nih.gov/geo/series/GSE197nnn/GSE197399/suppl/GSE197399%5FLaminB1%5FH%5FNAFLD%5FSevere%2Ebed%2Egz,https://www.ncbi.nlm.nih.gov/geo/query/acc.cgi?acc=GSE197399
GSE197399,GSE197399_LaminB1_H_Normal_Patients.bed.gz,BED,9.5 Kb,9718,ftp://ftp.ncbi.nlm.nih.gov/geo/series/GSE197nnn/GSE197399/suppl/GSE197399%5FLaminB1%5FH%5FNormal%5FPatients%2Ebed%2Egz,https://www.ncbi.nlm.nih.gov/geo/query/acc.cgi?acc=GSE197399
GSE197399,GSE197399_LaminB1_ND.bed.gz,BED,9.6 Kb,9862,ftp://ftp.ncbi.nlm.nih.gov/geo/series/GSE197nnn/GSE197399/suppl/GSE197399%5FLaminB1%5FND%2Ebed%2Egz,https://www.ncbi.nlm.nih.gov/geo/query/acc.cgi?acc=GSE197399
GSE197399,GSE197399_LaminB1_WD12.bed.gz,BED,1.1 Kb,1098,ftp://ftp.ncbi.nlm.nih.gov/geo/series/GSE197nnn/GSE197399/suppl/GSE197399%5FLaminB1%5FWD12%2Ebed%2Egz,https://www.ncbi.nlm.nih.gov/geo/query/acc.cgi?acc=GSE197399
GSE197399,GSE197399_LaminB1_WD8.bed.gz,BED,10.5 Kb,10701,ftp://ftp.ncbi.nlm.nih.gov/geo/series/GSE197nnn/GSE197399/suppl/GSE197399%5FLaminB1%5FWD8%2Ebed%2Egz,https://www.ncbi.nlm.nih.gov/geo/query/acc.cgi?acc=GSE197399
GSE197399,GSE197399_RNA_Seq_WD12.txt.gz,TXT,23.2 Kb,23733,ftp://ftp.ncbi.nlm.nih.gov/geo/series/GSE197nnn/GSE197399/suppl/GSE197399%5FRNA%5FSeq%5FWD12%2Etxt%2Egz,https://www.ncbi.nlm.nih.gov/geo/query/acc.cgi?acc=GSE197399
GSE197399,GSE197399_RNA_Seq_WD8.txt.gz,TXT,12.3 Kb,12592,ftp://ftp.ncbi.nlm.nih.gov/geo/series/GSE197nnn/GSE197399/suppl/GSE197399%5FRNA%5FSeq%5FWD8%2Etxt%2Egz,https://www.ncbi.nlm.nih.gov/geo/query/acc.cgi?acc=GSE197399
GSE217235,GSE217235_RAW.tar,"TAR (of MTX, TSV)",50.4 Mb,52828160,https://www.ncbi.nlm.nih.gov/geo/download/?acc=GSE217235&format=file,https://www.ncbi.nlm.nih.gov/geo/query/acc.cgi?acc=GSE217235
GSE207310,GSE207310_RAW.tar,TAR (of TXT),7.8 Mb,8151040,https://www.ncbi.nlm.nih.gov/geo/download/?acc=GSE207310&format=file,https://www.ncbi.nlm.nih.gov/geo/query/acc.cgi?acc=GSE207310
GSE213653,GSE213653_FPKMs_allsamples.txt.gz,TXT,1.4 Mb,1421728,ftp://ftp.ncbi.nlm.nih.gov/geo/series/GSE213nnn/GSE213653/suppl/GSE213653%5FFPKMs%5Fallsamples%2Etxt%2Egz,https://www.ncbi.nlm.nih.gov/geo/query/acc.cgi?acc=GSE213653
GSE210927,GSE210927_RAW.tar,TAR (of CSV),7.2 Mb,7536640,https://www.ncbi.nlm.nih.gov/geo/download/?acc=GSE210927&format=file,https://www.ncbi.nlm.nih.gov/geo/query/acc.cgi?acc=GSE210927
GSE198391,GSE198391_iPSC_RNAseq.txt.gz,TXT,1.4 Mb,1470431,ftp://ftp.ncbi.nlm.nih.gov/geo/series/GSE198nnn/GSE198391/suppl/GSE198391%5FiPSC%5FRNAseq%2Etxt%2Egz,https://www.ncbi.nlm.nih.gov/geo/query/acc.cgi?acc=GSE198391
GSE193080,GSE193080_NAFLD.KUTHn59.gct.gz,GCT,6.9 Mb,7255244,ftp://ftp.ncbi.nlm.nih.gov/geo/series/GSE193nnn/GSE193080/suppl/GSE193080%5FNAFLD%2EKUTHn59%2Egct%2Egz,https://www.ncbi.nlm.nih.gov/geo/query/acc.cgi?acc=GSE193080
GSE193066,GSE193066_NAFLD.HUn106.gct.gz,GCT,9.1 Mb,9532882,ftp://ftp.ncbi.nlm.nih.gov/geo/series/GSE193nnn/GSE193066/suppl/GSE193066%5FNAFLD%2EHUn106%2Egct%2Egz,https://www.ncbi.nlm.nih.gov/geo/query/acc.cgi?acc=GSE193066
GSE193066,GSE193066_NAFLD.HUn164.gct.gz,GCT,14.0 Mb,14714764,ftp://ftp.ncbi.nlm.nih.gov/geo/series/GSE193nnn/GSE193066/suppl/GSE193066%5FNAFLD%2EHUn164%2Egct%2Egz,https://www.ncbi.nlm.nih.gov/geo/query/acc.cgi?acc=GSE193066
GSE192959,GSE192959_NAFLD.TUn48.gct.gz,GCT,3.9 Mb,4128832,ftp://ftp.ncbi.nlm.nih.gov/geo/series/GSE192nnn/GSE192959/suppl/GSE192959%5FNAFLD%2ETUn48%2Egct%2Egz,https://www.ncbi.nlm.nih.gov/geo/query/acc.cgi?acc=GSE192959
GSE200679,GSE200679_Kallisto_TPM_exp_profiles_cellline.txt.gz,TXT,582.3 Kb,596319,ftp://ftp.ncbi.nlm.nih.gov/geo/series/GSE200nnn/GSE200679/suppl/GSE200679%5FKallisto%5FTPM%5Fexp%5Fprofiles%5Fcellline%2Etxt%2Egz,https://www.ncbi.nlm.nih.gov/geo/query/acc.cgi?acc=GSE200679
GSE200679,GSE200679_Kallisto_count_exp_profiles_cellline.txt.gz,TXT,243.5 Kb,249295,ftp://ftp.ncbi.nlm.nih.gov/geo/series/GSE200nnn/GSE200679/suppl/GSE200679%5FKallisto%5Fcount%5Fexp%5Fprofiles%5Fcellline%2Etxt%2Egz,https://www.ncbi.nlm.nih.gov/geo/query/acc.cgi?acc=GSE200679
GSE200678,GSE200678_Kallisto_visceral_AT_tissue_TPM.txt.gz,TXT,2.6 Mb,2713133,ftp://ftp.ncbi.nlm.nih.gov/geo/series/GSE200nnn/GSE200678/suppl/GSE200678%5FKallisto%5Fvisceral%5FAT%5Ftissue%5FTPM%2Etxt%2Egz,https://www.ncbi.nlm.nih.gov/geo/query/acc.cgi?acc=GSE200678
GSE200678,GSE200678_Kallisto_visceral_AT_tissue_count.txt.gz,TXT,868.8 Kb,889635,ftp://ftp.ncbi.nlm.nih.gov/geo/series/GSE200nnn/GSE200678/suppl/GSE200678%5FKallisto%5Fvisceral%5FAT%5Ftissue%5Fcount%2Etxt%2Egz,https://www.ncbi.nlm.nih.gov/geo/query/acc.cgi?acc=GSE200678
GSE174748,GSE174748_RAW.tar,"TAR (of MTX, TSV)",396.0 Mb,415252480,https://www.ncbi.nlm.nih.gov/geo/download/?acc=GSE174748&format=file,https://www.ncbi.nlm.nih.gov/geo/query/acc.cgi?acc=GSE174748
GSE174748,GSE174748_hl_nuclei.rds.gz,RDS,198.3 Mb,207972747,ftp://ftp.ncbi.nlm.nih.gov/geo/series/GSE174nnn/GSE174748/suppl/GSE174748%5Fhl%5Fnuclei%2Erds%2Egz,https://www.ncbi.nlm.nih.gov/geo/query/acc.cgi?acc=GSE174748
GSE180241,GSE180241_RAW.tar,TAR (of TXT),1.2 Mb,1269760,https://www.ncbi.nlm.nih.gov/geo/download/?acc=GSE180241&format=file,https://www.ncbi.nlm.nih.gov/geo/query/acc.cgi?acc=GSE180241
GSE179886,GSE179886_RAW.tar,"TAR (of MTX, TSV)",68.2 Mb,71495680,https://www.ncbi.nlm.nih.gov/geo/download/?acc=GSE179886&format=file,https://www.ncbi.nlm.nih.gov/geo/query/acc.cgi?acc=GSE179886
GSE174478,GSE174478_raw_gene_counts_matrix.txt.gz,TXT,4.0 Mb,4143552,ftp://ftp.ncbi.nlm.nih.gov/geo/series/GSE174nnn/GSE174478/suppl/GSE174478%5Fraw%5Fgene%5Fcounts%5Fmatrix%2Etxt%2Egz,https://www.ncbi.nlm.nih.gov/geo/query/acc.cgi?acc=GSE174478
GSE185051,GSE185051_Gene_count.csv.gz,CSV,1.9 Mb,1963606,ftp://ftp.ncbi.nlm.nih.gov/geo/series/GSE185nnn/GSE185051/suppl/GSE185051%5FGene%5Fcount%2Ecsv%2Egz,https://www.ncbi.nlm.nih.gov/geo/query/acc.cgi?acc=GSE185051
GSE185051,GSE185051_RAW.tar,TAR (of TAB),10.3 Mb,10762240,https://www.ncbi.nlm.nih.gov/geo/download/?acc=GSE185051&format=file,https://www.ncbi.nlm.nih.gov/geo/query/acc.cgi?acc=GSE185051
GSE190487,GSE190487_RAW.tar,"TAR (of MTX, TSV)",94.2 Mb,98734080,https://www.ncbi.nlm.nih.gov/geo/download/?acc=GSE190487&format=file,https://www.ncbi.nlm.nih.gov/geo/query/acc.cgi?acc=GSE190487
GSE192741,GSE192741_RAW.tar,"TAR (of CSV, H5, JSON, PNG)",179.6 Mb,188334080,https://www.ncbi.nlm.nih.gov/geo/download/?acc=GSE192741&format=file,https://www.ncbi.nlm.nih.gov/geo/query/acc.cgi?acc=GSE192741
GSE192741,GSE192741_sampleInfo_spatialRNAseq.tsv.gz,TSV,579 b,579,ftp://ftp.ncbi.nlm.nih.gov/geo/series/GSE192nnn/GSE192741/suppl/GSE192741%5FsampleInfo%5FspatialRNAseq%2Etsv%2Egz,https://www.ncbi.nlm.nih.gov/geo/query/acc.cgi?acc=GSE192741
GSE192741,GSE192741_seuratObj_humanVisium.rds.gz,RDS,339.8 Mb,356345188,ftp://ftp.ncbi.nlm.nih.gov/geo/series/GSE192nnn/GSE192741/suppl/GSE192741%5FseuratObj%5FhumanVisium%2Erds%2Egz,https://www.ncbi.nlm.nih.gov/geo/query/acc.cgi?acc=GSE192741
GSE192740,GSE192740_RAW.tar,"TAR (of H5, TXT)",2.2 Gb,2404966400,https://www.ncbi.nlm.nih.gov/geo/download/?acc=GSE192740&format=file,https://www.ncbi.nlm.nih.gov/geo/query/acc.cgi?acc=GSE192740
GSE192740,GSE192740_sampleInfo_scRNAseq.tsv.gz,TSV,2.7 Kb,2793,ftp://ftp.ncbi.nlm.nih.gov/geo/series/GSE192nnn/GSE192740/suppl/GSE192740%5FsampleInfo%5FscRNAseq%2Etsv%2Egz,https://www.ncbi.nlm.nih.gov/geo/query/acc.cgi?acc=GSE192740
GSE192740,GSE192740_seuratObj_humanRNAseq.rds.gz,RDS,3.9 Gb,4218781090,ftp://ftp.ncbi.nlm.nih.gov/geo/series/GSE192nnn/GSE192740/suppl/GSE192740%5FseuratObj%5FhumanRNAseq%2Erds%2Egz,https://www.ncbi.nlm.nih.gov/geo/query/acc.cgi?acc=GSE192740
GSE189175,GSE189175_counts_barcodes.tsv.gz,TSV,186.3 Kb,190746,ftp://ftp.ncbi.nlm.nih.gov/geo/series/GSE189nnn/GSE189175/suppl/GSE189175%5Fcounts%5Fbarcodes%2Etsv%2Egz,https://www.ncbi.nlm.nih.gov/geo/query/acc.cgi?acc=GSE189175
GSE189175,GSE189175_counts_features.tsv.gz,TSV,484.1 Kb,495740,ftp://ftp.ncbi.nlm.nih.gov/geo/series/GSE189nnn/GSE189175/suppl/GSE189175%5Fcounts%5Ffeatures%2Etsv%2Egz,https://www.ncbi.nlm.nih.gov/geo/query/acc.cgi?acc=GSE189175
GSE189175,GSE189175_counts_matrix.mtx.gz,MTX,165.8 Mb,173844483,ftp://ftp.ncbi.nlm.nih.gov/geo/series/GSE189nnn/GSE189175/suppl/GSE189175%5Fcounts%5Fmatrix%2Emtx%2Egz,https://www.ncbi.nlm.nih.gov/geo/query/acc.cgi?acc=GSE189175
GSE189175,GSE189175_meta_data.tsv.gz,TSV,210.0 Kb,214998,ftp://ftp.ncbi.nlm.nih.gov/geo/series/GSE189nnn/GSE189175/suppl/GSE189175%5Fmeta%5Fdata%2Etsv%2Egz,https://www.ncbi.nlm.nih.gov/geo/query/acc.cgi?acc=GSE189175
GSE186328,GSE186328_Mac_raw_count.csv.gz,CSV,16.3 Mb,17119666,ftp://ftp.ncbi.nlm.nih.gov/geo/series/GSE186nnn/GSE186328/suppl/GSE186328%5FMac%5Fraw%5Fcount%2Ecsv%2Egz,https://www.ncbi.nlm.nih.gov/geo/query/acc.cgi?acc=GSE186328
GSE186328,GSE186328_raw_counts.csv.gz,CSV,87.5 Mb,91748376,ftp://ftp.ncbi.nlm.nih.gov/geo/series/GSE186nnn/GSE186328/suppl/GSE186328%5Fraw%5Fcounts%2Ecsv%2Egz,https://www.ncbi.nlm.nih.gov/geo/query/acc.cgi?acc=GSE186328
GSE186326,GSE186326_Raw.count.hKC.txt.gz,TXT,217.7 Kb,222931,ftp://ftp.ncbi.nlm.nih.gov/geo/series/GSE186nnn/GSE186326/suppl/GSE186326%5FRaw%2Ecount%2EhKC%2Etxt%2Egz,https://www.ncbi.nlm.nih.gov/geo/query/acc.cgi?acc=GSE186326
GSE159924,GSE159924_PSQ_fibrosis_all.gene_moderated_log2cpm.xlsx,XLSX,20.4 Mb,21442627,ftp://ftp.ncbi.nlm.nih.gov/geo/series/GSE159nnn/GSE159924/suppl/GSE159924%5FPSQ%5Ffibrosis%5Fall%2Egene%5Fmoderated%5Flog2cpm%2Exlsx,https://www.ncbi.nlm.nih.gov/geo/query/acc.cgi?acc=GSE159924
GSE156906,GSE156906_PSQ_inflammation_all.gene_moderated_log2cpm.xlsx,XLSX,23.6 Mb,24727466,ftp://ftp.ncbi.nlm.nih.gov/geo/series/GSE156nnn/GSE156906/suppl/GSE156906%5FPSQ%5Finflammation%5Fall%2Egene%5Fmoderated%5Flog2cpm%2Exlsx,https://www.ncbi.nlm.nih.gov/geo/query/acc.cgi?acc=GSE156906
GSE156906,GSE156906_RBD_inflammation_all.gene_moderated_log2cpm.xlsx,XLSX,12.3 Mb,12864070,ftp://ftp.ncbi.nlm.nih.gov/geo/series/GSE156nnn/GSE156906/suppl/GSE156906%5FRBD%5Finflammation%5Fall%2Egene%5Fmoderated%5Flog2cpm%2Exlsx,https://www.ncbi.nlm.nih.gov/geo/query/acc.cgi?acc=GSE156906
GSE168285,GSE168285_gene_annotation.txt.gz,TXT,380.3 Kb,389434,ftp://ftp.ncbi.nlm.nih.gov/geo/series/GSE168nnn/GSE168285/suppl/GSE168285%5Fgene%5Fannotation%2Etxt%2Egz,https://www.ncbi.nlm.nih.gov/geo/query/acc.cgi?acc=GSE168285
GSE168285,GSE168285_raw_counts.txt.gz,TXT,36.8 Mb,38556296,ftp://ftp.ncbi.nlm.nih.gov/geo/series/GSE168nnn/GSE168285/suppl/GSE168285%5Fraw%5Fcounts%2Etxt%2Egz,https://www.ncbi.nlm.nih.gov/geo/query/acc.cgi?acc=GSE168285
GSE168285,GSE168285_sample_meta_data.txt.gz,TXT,2.7 Kb,2784,ftp://ftp.ncbi.nlm.nih.gov/geo/series/GSE168nnn/GSE168285/suppl/GSE168285%5Fsample%5Fmeta%5Fdata%2Etxt%2Egz,https://www.ncbi.nlm.nih.gov/geo/query/acc.cgi?acc=GSE168285
GSE168285,GSE168285_tpm.txt.gz,TXT,19.2 Mb,20120301,ftp://ftp.ncbi.nlm.nih.gov/geo/series/GSE168nnn/GSE168285/suppl/GSE168285%5Ftpm%2Etxt%2Egz,https://www.ncbi.nlm.nih.gov/geo/query/acc.cgi?acc=GSE168285
GSE138312,GSE138312_iHep_rsem_BATCH1.xlsx,XLSX,4.5 Mb,4765317,ftp://ftp.ncbi.nlm.nih.gov/geo/series/GSE138nnn/GSE138312/suppl/GSE138312%5FiHep%5Frsem%5FBATCH1%2Exlsx,https://www.ncbi.nlm.nih.gov/geo/query/acc.cgi?acc=GSE138312
GSE138312,GSE138312_iPSC_GSE138312_iHep_rsem_BATCH2.xlsx,XLSX,3.1 Mb,3292778,ftp://ftp.ncbi.nlm.nih.gov/geo/series/GSE138nnn/GSE138312/suppl/GSE138312%5FiPSC%5FGSE138312%5FiHep%5Frsem%5FBATCH2%2Exlsx,https://www.ncbi.nlm.nih.gov/geo/query/acc.cgi?acc=GSE138312
GSE138312,GSE138312_iPSC_rsem_BATCH1.xlsx,XLSX,4.6 Mb,4781090,ftp://ftp.ncbi.nlm.nih.gov/geo/series/GSE138nnn/GSE138312/suppl/GSE138312%5FiPSC%5Frsem%5FBATCH1%2Exlsx,https://www.ncbi.nlm.nih.gov/geo/query/acc.cgi?acc=GSE138312
GSE162694,GSE162694_raw_counts.csv.gz,CSV,5.9 Mb,6228026,ftp://ftp.ncbi.nlm.nih.gov/geo/series/GSE162nnn/GSE162694/suppl/GSE162694%5Fraw%5Fcounts%2Ecsv%2Egz,https://www.ncbi.nlm.nih.gov/geo/query/acc.cgi?acc=GSE162694
GSE158884,GSE158884_YY1_KD_feature_counts.txt.gz,TXT,750.1 Kb,768068,ftp://ftp.ncbi.nlm.nih.gov/geo/series/GSE158nnn/GSE158884/suppl/GSE158884%5FYY1%5FKD%5Ffeature%5Fcounts%2Etxt%2Egz,https://www.ncbi.nlm.nih.gov/geo/query/acc.cgi?acc=GSE158884
GSE167523,GSE167523_RAW.tar,TAR (of TXT),13.9 Mb,14571520,https://www.ncbi.nlm.nih.gov/geo/download/?acc=GSE167523&format=file,https://www.ncbi.nlm.nih.gov/geo/query/acc.cgi?acc=GSE167523
GSE167523,GSE167523_Raw_gene_counts_matrix.txt.gz,TXT,2.5 Mb,2652007,ftp://ftp.ncbi.nlm.nih.gov/geo/series/GSE167nnn/GSE167523/suppl/GSE167523%5FRaw%5Fgene%5Fcounts%5Fmatrix%2Etxt%2Egz,https://www.ncbi.nlm.nih.gov/geo/query/acc.cgi?acc=GSE167523
GSE167523,GSE167523_Sample_phenotype_correspondence.xlsx,XLSX,10.9 Kb,11131,ftp://ftp.ncbi.nlm.nih.gov/geo/series/GSE167nnn/GSE167523/suppl/GSE167523%5FSample%5Fphenotype%5Fcorrespondence%2Exlsx,https://www.ncbi.nlm.nih.gov/geo/query/acc.cgi?acc=GSE167523
GSE160200,GSE160200_RAW.tar,TAR (of CSV),4.2 Mb,4423680,https://www.ncbi.nlm.nih.gov/geo/download/?acc=GSE160200&format=file,https://www.ncbi.nlm.nih.gov/geo/query/acc.cgi?acc=GSE160200
GSE169446,GSE169446_RAW.tar,"TAR (of MTX, TSV)",74.7 Mb,78346240,https://www.ncbi.nlm.nih.gov/geo/download/?acc=GSE169446&format=file,https://www.ncbi.nlm.nih.gov/geo/query/acc.cgi?acc=GSE169446
GSE164444,GSE164444_RAW.tar,TAR (of BW),17.7 Gb,19023421440,https://www.ncbi.nlm.nih.gov/geo/download/?acc=GSE164444&format=file,https://www.ncbi.nlm.nih.gov/geo/query/acc.cgi?acc=GSE164444
GSE164441,GSE164441_RNAseq_10Tvs10NT_cuffdiff_FPKM.txt.gz,TXT,4.2 Mb,4408848,ftp://ftp.ncbi.nlm.nih.gov/geo/series/GSE164nnn/GSE164441/suppl/GSE164441%5FRNAseq%5F10Tvs10NT%5Fcuffdiff%5FFPKM%2Etxt%2Egz,https://www.ncbi.nlm.nih.gov/geo/query/acc.cgi?acc=GSE164441
GSE164441,GSE164441_RNAseq_10Tvs10NT_cuffdiff_count.txt.gz,TXT,2.0 Mb,2070281,ftp://ftp.ncbi.nlm.nih.gov/geo/series/GSE164nnn/GSE164441/suppl/GSE164441%5FRNAseq%5F10Tvs10NT%5Fcuffdiff%5Fcount%2Etxt%2Egz,https://www.ncbi.nlm.nih.gov/geo/query/acc.cgi?acc=GSE164441
GSE168484,GSE168484_gene_count_symbols_unique.csv.gz,CSV,501.2 Kb,513241,ftp://ftp.ncbi.nlm.nih.gov/geo/series/GSE168nnn/GSE168484/suppl/GSE168484%5Fgene%5Fcount%5Fsymbols%5Funique%2Ecsv%2Egz,https://www.ncbi.nlm.nih.gov/geo/query/acc.cgi?acc=GSE168484
GSE160016,GSE160016_gene_count.txt.gz,TXT,2.5 Mb,2634900,ftp://ftp.ncbi.nlm.nih.gov/geo/series/GSE160nnn/GSE160016/suppl/GSE160016%5Fgene%5Fcount%2Etxt%2Egz,https://www.ncbi.nlm.nih.gov/geo/query/acc.cgi?acc=GSE160016
GSE160016,GSE160016_gene_fpkm.txt.gz,TXT,3.6 Mb,3733665,ftp://ftp.ncbi.nlm.nih.gov/geo/series/GSE160nnn/GSE160016/suppl/GSE160016%5Fgene%5Ffpkm%2Etxt%2Egz,https://www.ncbi.nlm.nih.gov/geo/query/acc.cgi?acc=GSE160016
GSE141078,GSE141078_count_table.csv.gz,CSV,485.7 Kb,497382,ftp://ftp.ncbi.nlm.nih.gov/geo/series/GSE141nnn/GSE141078/suppl/GSE141078%5Fcount%5Ftable%2Ecsv%2Egz,https://www.ncbi.nlm.nih.gov/geo/query/acc.cgi?acc=GSE141078
GSE138052,GSE138052_RAW.tar,TAR (of TXT),4.8 Mb,5058560,https://www.ncbi.nlm.nih.gov/geo/download/?acc=GSE138052&format=file,https://www.ncbi.nlm.nih.gov/geo/query/acc.cgi?acc=GSE138052
GSE135251,GSE135251_RAW.tar,TAR (of TXT),43.7 Mb,45854720,https://www.ncbi.nlm.nih.gov/geo/download/?acc=GSE135251&format=file,https://www.ncbi.nlm.nih.gov/geo/query/acc.cgi?acc=GSE135251
GSE150026,GSE150026_normalizedReadCounts.txt.gz,TXT,14.2 Mb,14876744,ftp://ftp.ncbi.nlm.nih.gov/geo/series/GSE150nnn/GSE150026/suppl/GSE150026%5FnormalizedReadCounts%2Etxt%2Egz,https://www.ncbi.nlm.nih.gov/geo/query/acc.cgi?acc=GSE150026
GSE135448,GSE135448_Diff_Expression_LPvsHP.txt.gz,TXT,619.5 Kb,634359,ftp://ftp.ncbi.nlm.nih.gov/geo/series/GSE135nnn/GSE135448/suppl/GSE135448%5FDiff%5FExpression%5FLPvsHP%2Etxt%2Egz,https://www.ncbi.nlm.nih.gov/geo/query/acc.cgi?acc=GSE135448
GSE135448,GSE135448_unnormalized.count.table.liver_HP_LP.txt.gz,TXT,711.3 Kb,728386,ftp://ftp.ncbi.nlm.nih.gov/geo/series/GSE135nnn/GSE135448/suppl/GSE135448%5Funnormalized%2Ecount%2Etable%2Eliver%5FHP%5FLP%2Etxt%2Egz,https://www.ncbi.nlm.nih.gov/geo/query/acc.cgi?acc=GSE135448
GSE136103,GSE136103_RAW.tar,"TAR (of MTX, TSV)",416.0 Mb,436234240,https://www.ncbi.nlm.nih.gov/geo/download/?acc=GSE136103&format=file,https://www.ncbi.nlm.nih.gov/geo/query/acc.cgi?acc=GSE136103
GSE130970,GSE130970_all_sample_salmon_tximport_TPM_entrez_gene_ID.csv.gz,CSV,5.7 Mb,6027512,ftp://ftp.ncbi.nlm.nih.gov/geo/series/GSE130nnn/GSE130970/suppl/GSE130970%5Fall%5Fsample%5Fsalmon%5Ftximport%5FTPM%5Fentrez%5Fgene%5FID%2Ecsv%2Egz,https://www.ncbi.nlm.nih.gov/geo/query/acc.cgi?acc=GSE130970
GSE130970,GSE130970_all_sample_salmon_tximport_counts_entrez_gene_ID.csv.gz,CSV,11.0 Mb,11482054,ftp://ftp.ncbi.nlm.nih.gov/geo/series/GSE130nnn/GSE130970/suppl/GSE130970%5Fall%5Fsample%5Fsalmon%5Ftximport%5Fcounts%5Fentrez%5Fgene%5FID%2Ecsv%2Egz,https://www.ncbi.nlm.nih.gov/geo/query/acc.cgi?acc=GSE130970
GSE135796,GSE135796_rlog.txt.gz,TXT,594.0 Kb,608225,ftp://ftp.ncbi.nlm.nih.gov/geo/series/GSE135nnn/GSE135796/suppl/GSE135796%5Frlog%2Etxt%2Egz,https://www.ncbi.nlm.nih.gov/geo/query/acc.cgi?acc=GSE135796
GSE134146,GSE134146_RAW.tar,TAR (of TXT),5.6 Mb,5898240,https://www.ncbi.nlm.nih.gov/geo/download/?acc=GSE134146&format=file,https://www.ncbi.nlm.nih.gov/geo/query/acc.cgi?acc=GSE134146
GSE134146,GSE134146_quantile.txt.gz,TXT,17.3 Kb,17714,ftp://ftp.ncbi.nlm.nih.gov/geo/series/GSE134nnn/GSE134146/suppl/GSE134146%5Fquantile%2Etxt%2Egz,https://www.ncbi.nlm.nih.gov/geo/query/acc.cgi?acc=GSE134146
GSE126831,GSE126831_Diff_expr_day7.tsv.gz,TSV,495.7 Kb,507624,ftp://ftp.ncbi.nlm.nih.gov/geo/series/GSE126nnn/GSE126831/suppl/GSE126831%5FDiff%5Fexpr%5Fday7%2Etsv%2Egz,https://www.ncbi.nlm.nih.gov/geo/query/acc.cgi?acc=GSE126831
GSE126831,GSE126831_FPKM.tsv.gz,TSV,3.3 Mb,3490820,ftp://ftp.ncbi.nlm.nih.gov/geo/series/GSE126nnn/GSE126831/suppl/GSE126831%5FFPKM%2Etsv%2Egz,https://www.ncbi.nlm.nih.gov/geo/query/acc.cgi?acc=GSE126831
GSE126848,GSE126848_Gene_counts_raw.txt.gz,TXT,1.3 Mb,1399252,ftp://ftp.ncbi.nlm.nih.gov/geo/series/GSE126nnn/GSE126848/suppl/GSE126848%5FGene%5Fcounts%5Fraw%2Etxt%2Egz,https://www.ncbi.nlm.nih.gov/geo/query/acc.cgi?acc=GSE126848
GSE109565,GSE109565_Mesnage_et_al._Glyphosate_HepaRG_FPKM_Data.txt.gz,TXT,16.2 Mb,16951334,ftp://ftp.ncbi.nlm.nih.gov/geo/series/GSE109nnn/GSE109565/suppl/GSE109565%5FMesnage%5Fet%5Fal%2E%5FGlyphosate%5FHepaRG%5FFPKM%5FData%2Etxt%2Egz,https://www.ncbi.nlm.nih.gov/geo/query/acc.cgi?acc=GSE109565
GSE109565,GSE109565_Mesnage_et_al._PCB_HepaRG_FPKM_Data.txt.gz,TXT,13.6 Mb,14242259,ftp://ftp.ncbi.nlm.nih.gov/geo/series/GSE109nnn/GSE109565/suppl/GSE109565%5FMesnage%5Fet%5Fal%2E%5FPCB%5FHepaRG%5FFPKM%5FData%2Etxt%2Egz,https://www.ncbi.nlm.nih.gov/geo/query/acc.cgi?acc=GSE109565
GSE115193,GSE115193_NASH_data_rlog_normalised_counttable.txt.gz,TXT,1.4 Mb,1497577,ftp://ftp.ncbi.nlm.nih.gov/geo/series/GSE115nnn/GSE115193/suppl/GSE115193%5FNASH%5Fdata%5Frlog%5Fnormalised%5Fcounttable%2Etxt%2Egz,https://www.ncbi.nlm.nih.gov/geo/query/acc.cgi?acc=GSE115193
GSE116185,GSE116185_RAW.tar,TAR (of TXT),1.1 Mb,1198080,https://www.ncbi.nlm.nih.gov/geo/download/?acc=GSE116185&format=file,https://www.ncbi.nlm.nih.gov/geo/query/acc.cgi?acc=GSE116185
GSE105127,GSE105127_RAW.tar,"TAR (of BED, BW)",22.0 Gb,23640289280,https://www.ncbi.nlm.nih.gov/geo/download/?acc=GSE105127&format=file,https://www.ncbi.nlm.nih.gov/geo/query/acc.cgi?acc=GSE105127
GSE107650,GSE107650_RAW.tar,TAR (of TXT),5.7 Mb,5949440,https://www.ncbi.nlm.nih.gov/geo/download/?acc=GSE107650&format=file,https://www.ncbi.nlm.nih.gov/geo/query/acc.cgi?acc=GSE107650
GSE326385,GSE326385_FFA_gene.csv.gz,CSV,724.3 Kb,741678,ftp://ftp.ncbi.nlm.nih.gov/geo/series/GSE326nnn/GSE326385/suppl/GSE326385%5FFFA%5Fgene%2Ecsv%2Egz,https://www.ncbi.nlm.nih.gov/geo/query/acc.cgi?acc=GSE326385
GSE298719,GSE298719_RAW.tar,"TAR (of BED, MTX, TSV)",5.9 Gb,6385100800,https://www.ncbi.nlm.nih.gov/geo/download/?acc=GSE298719&format=file,https://www.ncbi.nlm.nih.gov/geo/query/acc.cgi?acc=GSE298719
GSE341780,GSE341780_gene_count_matrix.xlsx,XLSX,2.0 Mb,2098413,ftp://ftp.ncbi.nlm.nih.gov/geo/series/GSE341nnn/GSE341780/suppl/GSE341780%5Fgene%5Fcount%5Fmatrix%2Exlsx,https://www.ncbi.nlm.nih.gov/geo/query/acc.cgi?acc=GSE341780
GSE341780,GSE341780_genes_fpkm_expression.xlsx,XLSX,11.4 Mb,11928121,ftp://ftp.ncbi.nlm.nih.gov/geo/series/GSE341nnn/GSE341780/suppl/GSE341780%5Fgenes%5Ffpkm%5Fexpression%2Exlsx,https://www.ncbi.nlm.nih.gov/geo/query/acc.cgi?acc=GSE341780
GSE320365,GSE320365_ControlvsTumor_deg.txt.gz,TXT,8.0 Mb,8435004,ftp://ftp.ncbi.nlm.nih.gov/geo/series/GSE320nnn/GSE320365/suppl/GSE320365%5FControlvsTumor%5Fdeg%2Etxt%2Egz,https://www.ncbi.nlm.nih.gov/geo/query/acc.cgi?acc=GSE320365
GSE334408,GSE334408_RAW.tar,TAR (of TXT),2.4 Mb,2508800,https://www.ncbi.nlm.nih.gov/geo/download/?acc=GSE334408&format=file,https://www.ncbi.nlm.nih.gov/geo/query/acc.cgi?acc=GSE334408
GSE334407,GSE334407_Huh7_raw_counts.txt.gz,TXT,2.5 Mb,2601308,ftp://ftp.ncbi.nlm.nih.gov/geo/series/GSE334nnn/GSE334407/suppl/GSE334407%5FHuh7%5Fraw%5Fcounts%2Etxt%2Egz,https://www.ncbi.nlm.nih.gov/geo/query/acc.cgi?acc=GSE334407
GSE334407,GSE334407_PHH_raw_counts.txt.gz,TXT,2.9 Mb,2999314,ftp://ftp.ncbi.nlm.nih.gov/geo/series/GSE334nnn/GSE334407/suppl/GSE334407%5FPHH%5Fraw%5Fcounts%2Etxt%2Egz,https://www.ncbi.nlm.nih.gov/geo/query/acc.cgi?acc=GSE334407
GSE325645,GSE325645_gene_expression.txt.gz,TXT,3.4 Mb,3594335,ftp://ftp.ncbi.nlm.nih.gov/geo/series/GSE325nnn/GSE325645/suppl/GSE325645%5Fgene%5Fexpression%2Etxt%2Egz,https://www.ncbi.nlm.nih.gov/geo/query/acc.cgi?acc=GSE325645
GSE334651,GSE334651_Gene_level.raw.xlsx,XLSX,26.8 Mb,28132282,ftp://ftp.ncbi.nlm.nih.gov/geo/series/GSE334nnn/GSE334651/suppl/GSE334651%5FGene%5Flevel%2Eraw%2Exlsx,https://www.ncbi.nlm.nih.gov/geo/query/acc.cgi?acc=GSE334651
GSE333851,GSE333851_RAW.tar,"TAR (of JPG, TSV, TXT)",317.1 Mb,332544000,https://www.ncbi.nlm.nih.gov/geo/download/?acc=GSE333851&format=file,https://www.ncbi.nlm.nih.gov/geo/query/acc.cgi?acc=GSE333851
GSE333851,GSE333851_barcode.xls.gz,XLS,315 b,315,ftp://ftp.ncbi.nlm.nih.gov/geo/series/GSE333nnn/GSE333851/suppl/GSE333851%5Fbarcode%2Exls%2Egz,https://www.ncbi.nlm.nih.gov/geo/query/acc.cgi?acc=GSE333851
GSE333851,GSE333851_barcode_position_image.png.gz,PNG,54.1 Kb,55380,ftp://ftp.ncbi.nlm.nih.gov/geo/series/GSE333nnn/GSE333851/suppl/GSE333851%5Fbarcode%5Fposition%5Fimage%2Epng%2Egz,https://www.ncbi.nlm.nih.gov/geo/query/acc.cgi?acc=GSE333851
GSE333851,GSE333851_spatial_barcode_50x50.xls.gz,XLS,14.2 Kb,14584,ftp://ftp.ncbi.nlm.nih.gov/geo/series/GSE333nnn/GSE333851/suppl/GSE333851%5Fspatial%5Fbarcode%5F50x50%2Exls%2Egz,https://www.ncbi.nlm.nih.gov/geo/query/acc.cgi?acc=GSE333851
GSE282757,GSE282757_DESeq2_raw_counts_for_NCBI_GEO_-_renamed_PIDs.txt.gz,TXT,4.7 Mb,4947518,ftp://ftp.ncbi.nlm.nih.gov/geo/series/GSE282nnn/GSE282757/suppl/GSE282757%5FDESeq2%5Fraw%5Fcounts%5Ffor%5FNCBI%5FGEO%5F%2D%5Frenamed%5FPIDs%2Etxt%2Egz,https://www.ncbi.nlm.nih.gov/geo/query/acc.cgi?acc=GSE282757
GSE330266,GSE330266_RAW.tar,TAR (of H5),2.1 Gb,2300579840,https://www.ncbi.nlm.nih.gov/geo/download/?acc=GSE330266&format=file,https://www.ncbi.nlm.nih.gov/geo/query/acc.cgi?acc=GSE330266
GSE303732,GSE303732_KG208_KG215_totalseq_feature_reference.csv.gz,CSV,190 b,190,ftp://ftp.ncbi.nlm.nih.gov/geo/series/GSE303nnn/GSE303732/suppl/GSE303732%5FKG208%5FKG215%5Ftotalseq%5Ffeature%5Freference%2Ecsv%2Egz,https://www.ncbi.nlm.nih.gov/geo/query/acc.cgi?acc=GSE303732
GSE303732,GSE303732_KG236_totalseq_feature_reference.csv.gz,CSV,210 b,210,ftp://ftp.ncbi.nlm.nih.gov/geo/series/GSE303nnn/GSE303732/suppl/GSE303732%5FKG236%5Ftotalseq%5Ffeature%5Freference%2Ecsv%2Egz,https://www.ncbi.nlm.nih.gov/geo/query/acc.cgi?acc=GSE303732
GSE303732,GSE303732_RAW.tar,"TAR (of MTX, TSV)",280.4 Mb,294000640,https://www.ncbi.nlm.nih.gov/geo/download/?acc=GSE303732&format=file,https://www.ncbi.nlm.nih.gov/geo/query/acc.cgi?acc=GSE303732
GSE303732,GSE303732_mahmoud_et_al_ac_pc_pdo_pooled_processed.h5ad,H5AD,3.2 Gb,3484271595,ftp://ftp.ncbi.nlm.nih.gov/geo/series/GSE303nnn/GSE303732/suppl/GSE303732%5Fmahmoud%5Fet%5Fal%5Fac%5Fpc%5Fpdo%5Fpooled%5Fprocessed%2Eh5ad,https://www.ncbi.nlm.nih.gov/geo/query/acc.cgi?acc=GSE303732
GSE309912,GSE309912_PA.800_vs_PA.LY_DE_statAll_normCPM.xlsx,XLSX,4.1 Mb,4316889,ftp://ftp.ncbi.nlm.nih.gov/geo/series/GSE309nnn/GSE309912/suppl/GSE309912%5FPA%2E800%5Fvs%5FPA%2ELY%5FDE%5FstatAll%5FnormCPM%2Exlsx,https://www.ncbi.nlm.nih.gov/geo/query/acc.cgi?acc=GSE309912
GSE309912,GSE309912_PA.800_vs_Veh_DE_statAll_normCPM.xlsx,XLSX,4.1 Mb,4309238,ftp://ftp.ncbi.nlm.nih.gov/geo/series/GSE309nnn/GSE309912/suppl/GSE309912%5FPA%2E800%5Fvs%5FVeh%5FDE%5FstatAll%5FnormCPM%2Exlsx,https://www.ncbi.nlm.nih.gov/geo/query/acc.cgi?acc=GSE309912
GSE309912,GSE309912_PA_vs_PA.LY_DE_statAll_normCPM.xlsx,XLSX,4.0 Mb,4239297,ftp://ftp.ncbi.nlm.nih.gov/geo/series/GSE309nnn/GSE309912/suppl/GSE309912%5FPA%5Fvs%5FPA%2ELY%5FDE%5FstatAll%5FnormCPM%2Exlsx,https://www.ncbi.nlm.nih.gov/geo/query/acc.cgi?acc=GSE309912
GSE309912,GSE309912_PA_vs_Veh_DE_statAll_normCPM.xlsx,XLSX,3.9 Mb,4119848,ftp://ftp.ncbi.nlm.nih.gov/geo/series/GSE309nnn/GSE309912/suppl/GSE309912%5FPA%5Fvs%5FVeh%5FDE%5FstatAll%5FnormCPM%2Exlsx,https://www.ncbi.nlm.nih.gov/geo/query/acc.cgi?acc=GSE309912
GSE313271,GSE313271_RAW.tar,"TAR (of MTX, TSV)",64.0 Mb,67092480,https://www.ncbi.nlm.nih.gov/geo/download/?acc=GSE313271&format=file,https://www.ncbi.nlm.nih.gov/geo/query/acc.cgi?acc=GSE313271
GSE326605,GSE326605_RAW.tar,"TAR (of MTX, TSV)",137.4 Mb,144097280,https://www.ncbi.nlm.nih.gov/geo/download/?acc=GSE326605&format=file,https://www.ncbi.nlm.nih.gov/geo/query/acc.cgi?acc=GSE326605
GSE326605,GSE326605_integrated_NKC_all4samples_RNA_count_matrix.txt.gz,TXT,22.9 Mb,24047393,ftp://ftp.ncbi.nlm.nih.gov/geo/series/GSE326nnn/GSE326605/suppl/GSE326605%5Fintegrated%5FNKC%5Fall4samples%5FRNA%5Fcount%5Fmatrix%2Etxt%2Egz,https://www.ncbi.nlm.nih.gov/geo/query/acc.cgi?acc=GSE326605
GSE326605,GSE326605_integrated_NKC_all4samples_metadata.txt.gz,TXT,144.6 Kb,148073,ftp://ftp.ncbi.nlm.nih.gov/geo/series/GSE326nnn/GSE326605/suppl/GSE326605%5Fintegrated%5FNKC%5Fall4samples%5Fmetadata%2Etxt%2Egz,https://www.ncbi.nlm.nih.gov/geo/query/acc.cgi?acc=GSE326605
GSE319635,GSE319635_Raw_counts_BMDM.txt.gz,TXT,2.0 Mb,2100239,ftp://ftp.ncbi.nlm.nih.gov/geo/series/GSE319nnn/GSE319635/suppl/GSE319635%5FRaw%5Fcounts%5FBMDM%2Etxt%2Egz,https://www.ncbi.nlm.nih.gov/geo/query/acc.cgi?acc=GSE319635
GSE319635,GSE319635_Raw_counts_EC.txt.gz,TXT,3.2 Mb,3360127,ftp://ftp.ncbi.nlm.nih.gov/geo/series/GSE319nnn/GSE319635/suppl/GSE319635%5FRaw%5Fcounts%5FEC%2Etxt%2Egz,https://www.ncbi.nlm.nih.gov/geo/query/acc.cgi?acc=GSE319635
GSE319635,GSE319635_Raw_counts_HSC.txt.gz,TXT,3.3 Mb,3415028,ftp://ftp.ncbi.nlm.nih.gov/geo/series/GSE319nnn/GSE319635/suppl/GSE319635%5FRaw%5Fcounts%5FHSC%2Etxt%2Egz,https://www.ncbi.nlm.nih.gov/geo/query/acc.cgi?acc=GSE319635
GSE319635,GSE319635_Raw_counts_HepG2.txt.gz,TXT,3.2 Mb,3397633,ftp://ftp.ncbi.nlm.nih.gov/geo/series/GSE319nnn/GSE319635/suppl/GSE319635%5FRaw%5Fcounts%5FHepG2%2Etxt%2Egz,https://www.ncbi.nlm.nih.gov/geo/query/acc.cgi?acc=GSE319635
GSE319635,GSE319635_TPM_BMDM.txt.gz,TXT,1.2 Mb,1265545,ftp://ftp.ncbi.nlm.nih.gov/geo/series/GSE319nnn/GSE319635/suppl/GSE319635%5FTPM%5FBMDM%2Etxt%2Egz,https://www.ncbi.nlm.nih.gov/geo/query/acc.cgi?acc=GSE319635
GSE319635,GSE319635_TPM_EC.txt.gz,TXT,1.3 Mb,1378465,ftp://ftp.ncbi.nlm.nih.gov/geo/series/GSE319nnn/GSE319635/suppl/GSE319635%5FTPM%5FEC%2Etxt%2Egz,https://www.ncbi.nlm.nih.gov/geo/query/acc.cgi?acc=GSE319635
GSE319635,GSE319635_TPM_HSC.txt.gz,TXT,1.3 Mb,1400413,ftp://ftp.ncbi.nlm.nih.gov/geo/series/GSE319nnn/GSE319635/suppl/GSE319635%5FTPM%5FHSC%2Etxt%2Egz,https://www.ncbi.nlm.nih.gov/geo/query/acc.cgi?acc=GSE319635
GSE319635,GSE319635_TPM_HepG2.txt.gz,TXT,1.3 Mb,1393300,ftp://ftp.ncbi.nlm.nih.gov/geo/series/GSE319nnn/GSE319635/suppl/GSE319635%5FTPM%5FHepG2%2Etxt%2Egz,https://www.ncbi.nlm.nih.gov/geo/query/acc.cgi?acc=GSE319635
GSE325422,GSE325422_Allgene_info.xlsx,XLSX,9.2 Mb,9686466,ftp://ftp.ncbi.nlm.nih.gov/geo/series/GSE325nnn/GSE325422/suppl/GSE325422%5FAllgene%5Finfo%2Exlsx,https://www.ncbi.nlm.nih.gov/geo/query/acc.cgi?acc=GSE325422
GSE290642,GSE290642_RAW.tar,TAR (of TAR),1.2 Gb,1244252160,https://www.ncbi.nlm.nih.gov/geo/download/?acc=GSE290642&format=file,https://www.ncbi.nlm.nih.gov/geo/query/acc.cgi?acc=GSE290642
GSE260823,GSE260823_raw_count.txt.gz,TXT,432.1 Kb,442470,ftp://ftp.ncbi.nlm.nih.gov/geo/series/GSE260nnn/GSE260823/suppl/GSE260823%5Fraw%5Fcount%2Etxt%2Egz,https://www.ncbi.nlm.nih.gov/geo/query/acc.cgi?acc=GSE260823
GSE324401,GSE324401_gene_count.txt.gz,TXT,4.9 Mb,5088640,ftp://ftp.ncbi.nlm.nih.gov/geo/series/GSE324nnn/GSE324401/suppl/GSE324401%5Fgene%5Fcount%2Etxt%2Egz,https://www.ncbi.nlm.nih.gov/geo/query/acc.cgi?acc=GSE324401
GSE317876,GSE317876_FFA_rawcounts.xls.gz,XLS,1.0 Mb,1094575,ftp://ftp.ncbi.nlm.nih.gov/geo/series/GSE317nnn/GSE317876/suppl/GSE317876%5FFFA%5Frawcounts%2Exls%2Egz,https://www.ncbi.nlm.nih.gov/geo/query/acc.cgi?acc=GSE317876
GSE317876,GSE317876_HBorg-rawcounts.xls.gz,XLS,830.1 Kb,849998,ftp://ftp.ncbi.nlm.nih.gov/geo/series/GSE317nnn/GSE317876/suppl/GSE317876%5FHBorg%2Drawcounts%2Exls%2Egz,https://www.ncbi.nlm.nih.gov/geo/query/acc.cgi?acc=GSE317876
GSE317876,GSE317876_PHep-rawcounts.xls.gz,XLS,901.9 Kb,923508,ftp://ftp.ncbi.nlm.nih.gov/geo/series/GSE317nnn/GSE317876/suppl/GSE317876%5FPHep%2Drawcounts%2Exls%2Egz,https://www.ncbi.nlm.nih.gov/geo/query/acc.cgi?acc=GSE317876
GSE319709,GSE319709_RAW.tar,"TAR (of MTX, TSV)",1023.9 Mb,1073653760,https://www.ncbi.nlm.nih.gov/geo/download/?acc=GSE319709&format=file,https://www.ncbi.nlm.nih.gov/geo/query/acc.cgi?acc=GSE319709
GSE318806,GSE318806_human_counts-gene.xls.gz,XLS,7.2 Mb,7579706,ftp://ftp.ncbi.nlm.nih.gov/geo/series/GSE318nnn/GSE318806/suppl/GSE318806%5Fhuman%5Fcounts%2Dgene%2Exls%2Egz,https://www.ncbi.nlm.nih.gov/geo/query/acc.cgi?acc=GSE318806
GSE274898,GSE274898_20073R_counts.txt.gz,TXT,404.3 Kb,413979,ftp://ftp.ncbi.nlm.nih.gov/geo/series/GSE274nnn/GSE274898/suppl/GSE274898%5F20073R%5Fcounts%2Etxt%2Egz,https://www.ncbi.nlm.nih.gov/geo/query/acc.cgi?acc=GSE274898
GSE289433,GSE289433_DESeq2_Results.xlsx,XLSX,2.1 Mb,2191892,ftp://ftp.ncbi.nlm.nih.gov/geo/series/GSE289nnn/GSE289433/suppl/GSE289433%5FDESeq2%5FResults%2Exlsx,https://www.ncbi.nlm.nih.gov/geo/query/acc.cgi?acc=GSE289433
GSE289433,GSE289433_RAW.tar,TAR (of SF),25.3 Mb,26501120,https://www.ncbi.nlm.nih.gov/geo/download/?acc=GSE289433&format=file,https://www.ncbi.nlm.nih.gov/geo/query/acc.cgi?acc=GSE289433
GSE303090,GSE303090_Day10_counts_matrix.txt.gz,TXT,349.7 Kb,358137,ftp://ftp.ncbi.nlm.nih.gov/geo/series/GSE303nnn/GSE303090/suppl/GSE303090%5FDay10%5Fcounts%5Fmatrix%2Etxt%2Egz,https://www.ncbi.nlm.nih.gov/geo/query/acc.cgi?acc=GSE303090
GSE303090,GSE303090_Day2_counts_matrix.txt.gz,TXT,344.5 Kb,352763,ftp://ftp.ncbi.nlm.nih.gov/geo/series/GSE303nnn/GSE303090/suppl/GSE303090%5FDay2%5Fcounts%5Fmatrix%2Etxt%2Egz,https://www.ncbi.nlm.nih.gov/geo/query/acc.cgi?acc=GSE303090
GSE313774,GSE313774_RNA05000001_raw.txt.gz,TXT,1.4 Mb,1507131,ftp://ftp.ncbi.nlm.nih.gov/geo/series/GSE313nnn/GSE313774/suppl/GSE313774%5FRNA05000001%5Fraw%2Etxt%2Egz,https://www.ncbi.nlm.nih.gov/geo/query/acc.cgi?acc=GSE313774
GSE313774,GSE313774_RNA05000001_tpm.txt.gz,TXT,2.7 Mb,2786919,ftp://ftp.ncbi.nlm.nih.gov/geo/series/GSE313nnn/GSE313774/suppl/GSE313774%5FRNA05000001%5Ftpm%2Etxt%2Egz,https://www.ncbi.nlm.nih.gov/geo/query/acc.cgi?acc=GSE313774
GSE312066,GSE312066_RAW.tar,TAR (of TXT),34.9 Mb,36546560,https://www.ncbi.nlm.nih.gov/geo/download/?acc=GSE312066&format=file,https://www.ncbi.nlm.nih.gov/geo/query/acc.cgi?acc=GSE312066
GSE260956,GSE260956_core_table_gene_AMLN_WT_VS_KO.xls.gz,XLS,8.4 Mb,8836459,ftp://ftp.ncbi.nlm.nih.gov/geo/series/GSE260nnn/GSE260956/suppl/GSE260956%5Fcore%5Ftable%5Fgene%5FAMLN%5FWT%5FVS%5FKO%2Exls%2Egz,https://www.ncbi.nlm.nih.gov/geo/query/acc.cgi?acc=GSE260956
GSE260956,GSE260956_core_table_gene_HFHC_VS_ND.xlsx,XLSX,1.4 Mb,1471604,ftp://ftp.ncbi.nlm.nih.gov/geo/series/GSE260nnn/GSE260956/suppl/GSE260956%5Fcore%5Ftable%5Fgene%5FHFHC%5FVS%5FND%2Exlsx,https://www.ncbi.nlm.nih.gov/geo/query/acc.cgi?acc=GSE260956
GSE260956,GSE260956_core_table_gene_Rykt_GB1_VS_Veh1.xls.gz,XLS,57.5 Mb,60247732,ftp://ftp.ncbi.nlm.nih.gov/geo/series/GSE260nnn/GSE260956/suppl/GSE260956%5Fcore%5Ftable%5Fgene%5FRykt%5FGB1%5FVS%5FVeh1%2Exls%2Egz,https://www.ncbi.nlm.nih.gov/geo/query/acc.cgi?acc=GSE260956
GSE260956,GSE260956_core_table_gene_Rykt_GB2_VS_Veh2.xls.gz,XLS,57.5 Mb,60250558,ftp://ftp.ncbi.nlm.nih.gov/geo/series/GSE260nnn/GSE260956/suppl/GSE260956%5Fcore%5Ftable%5Fgene%5FRykt%5FGB2%5FVS%5FVeh2%2Exls%2Egz,https://www.ncbi.nlm.nih.gov/geo/query/acc.cgi?acc=GSE260956
GSE309786,GSE309786_Normalized_Counts_All_Samples.csv.gz,CSV,1014.9 Kb,1039264,ftp://ftp.ncbi.nlm.nih.gov/geo/series/GSE309nnn/GSE309786/suppl/GSE309786%5FNormalized%5FCounts%5FAll%5FSamples%2Ecsv%2Egz,https://www.ncbi.nlm.nih.gov/geo/query/acc.cgi?acc=GSE309786
GSE307420,GSE307420_LX2_featurecounts.txt.gz,TXT,407.8 Kb,417636,ftp://ftp.ncbi.nlm.nih.gov/geo/series/GSE307nnn/GSE307420/suppl/GSE307420%5FLX2%5Ffeaturecounts%2Etxt%2Egz,https://www.ncbi.nlm.nih.gov/geo/query/acc.cgi?acc=GSE307420
GSE299888,GSE299888_processed_data.xlsx,XLSX,4.7 Mb,4882219,ftp://ftp.ncbi.nlm.nih.gov/geo/series/GSE299nnn/GSE299888/suppl/GSE299888%5Fprocessed%5Fdata%2Exlsx,https://www.ncbi.nlm.nih.gov/geo/query/acc.cgi?acc=GSE299888
GSE308064,GSE308064_core_table_gene.xls.gz,XLS,57.2 Mb,60012125,ftp://ftp.ncbi.nlm.nih.gov/geo/series/GSE308nnn/GSE308064/suppl/GSE308064%5Fcore%5Ftable%5Fgene%2Exls%2Egz,https://www.ncbi.nlm.nih.gov/geo/query/acc.cgi?acc=GSE308064
GSE307517,GSE307517_DEGresults.csv.gz,CSV,1.1 Mb,1118789,ftp://ftp.ncbi.nlm.nih.gov/geo/series/GSE307nnn/GSE307517/suppl/GSE307517%5FDEGresults%2Ecsv%2Egz,https://www.ncbi.nlm.nih.gov/geo/query/acc.cgi?acc=GSE307517
GSE307517,GSE307517_Hep-G2DEGresult.csv.gz,CSV,907.7 Kb,929504,ftp://ftp.ncbi.nlm.nih.gov/geo/series/GSE307nnn/GSE307517/suppl/GSE307517%5FHep%2DG2DEGresult%2Ecsv%2Egz,https://www.ncbi.nlm.nih.gov/geo/query/acc.cgi?acc=GSE307517
GSE306957,GSE306957_RAW.tar,TAR (of TXT),140.5 Mb,147322880,https://www.ncbi.nlm.nih.gov/geo/download/?acc=GSE306957&format=file,https://www.ncbi.nlm.nih.gov/geo/query/acc.cgi?acc=GSE306957
GSE279712,GSE279712_RAW.tar,TAR (of TSV),3.8 Mb,3942400,https://www.ncbi.nlm.nih.gov/geo/download/?acc=GSE279712&format=file,https://www.ncbi.nlm.nih.gov/geo/query/acc.cgi?acc=GSE279712
GSE279712,GSE279712_human.merged.counts.tsv.gz,TSV,631.6 Kb,646788,ftp://ftp.ncbi.nlm.nih.gov/geo/series/GSE279nnn/GSE279712/suppl/GSE279712%5Fhuman%2Emerged%2Ecounts%2Etsv%2Egz,https://www.ncbi.nlm.nih.gov/geo/query/acc.cgi?acc=GSE279712
GSE279712,GSE279712_pig.merged.counts.tsv.gz,TSV,378.6 Kb,387642,ftp://ftp.ncbi.nlm.nih.gov/geo/series/GSE279nnn/GSE279712/suppl/GSE279712%5Fpig%2Emerged%2Ecounts%2Etsv%2Egz,https://www.ncbi.nlm.nih.gov/geo/query/acc.cgi?acc=GSE279712
GSE275942,GSE275942_RAW.tar,"TAR (of BW, TXT)",471.5 Mb,494428160,https://www.ncbi.nlm.nih.gov/geo/download/?acc=GSE275942&format=file,https://www.ncbi.nlm.nih.gov/geo/query/acc.cgi?acc=GSE275942
GSE275942,GSE275942_mAHSC_Male_Female_gene_experssion.txt.gz,TXT,901.9 Kb,923594,ftp://ftp.ncbi.nlm.nih.gov/geo/series/GSE275nnn/GSE275942/suppl/GSE275942%5FmAHSC%5FMale%5FFemale%5Fgene%5Fexperssion%2Etxt%2Egz,https://www.ncbi.nlm.nih.gov/geo/query/acc.cgi?acc=GSE275942
GSE275942,GSE275942_mAHSC_Male_Female_rna_experssion.txt.gz,TXT,2.4 Mb,2525775,ftp://ftp.ncbi.nlm.nih.gov/geo/series/GSE275nnn/GSE275942/suppl/GSE275942%5FmAHSC%5FMale%5FFemale%5Frna%5Fexperssion%2Etxt%2Egz,https://www.ncbi.nlm.nih.gov/geo/query/acc.cgi?acc=GSE275942
GSE275942,GSE275942_mHSC_female_estradiol_treatment_gene_expression.txt.gz,TXT,872.4 Kb,893329,ftp://ftp.ncbi.nlm.nih.gov/geo/series/GSE275nnn/GSE275942/suppl/GSE275942%5FmHSC%5Ffemale%5Festradiol%5Ftreatment%5Fgene%5Fexpression%2Etxt%2Egz,https://www.ncbi.nlm.nih.gov/geo/query/acc.cgi?acc=GSE275942
GSE275942,GSE275942_mHSC_female_estradiol_treatment_rna_expression.txt.gz,TXT,2.3 Mb,2452869,ftp://ftp.ncbi.nlm.nih.gov/geo/series/GSE275nnn/GSE275942/suppl/GSE275942%5FmHSC%5Ffemale%5Festradiol%5Ftreatment%5Frna%5Fexpression%2Etxt%2Egz,https://www.ncbi.nlm.nih.gov/geo/query/acc.cgi?acc=GSE275942
GSE278593,GSE278593_LX2_IGFBP7.gct.gz,GCT,562.2 Kb,575649,ftp://ftp.ncbi.nlm.nih.gov/geo/series/GSE278nnn/GSE278593/suppl/GSE278593%5FLX2%5FIGFBP7%2Egct%2Egz,https://www.ncbi.nlm.nih.gov/geo/query/acc.cgi?acc=GSE278593
GSE268360,GSE268360_RAW.tar,TAR (of RESULTS),24.8 Mb,26019840,https://www.ncbi.nlm.nih.gov/geo/download/?acc=GSE268360&format=file,https://www.ncbi.nlm.nih.gov/geo/query/acc.cgi?acc=GSE268360
GSE293003,GSE293003_WT_LPS-vs-FOXO1-KO_LPS.all.annot.txt.gz,TXT,4.8 Mb,5004992,ftp://ftp.ncbi.nlm.nih.gov/geo/series/GSE293nnn/GSE293003/suppl/GSE293003%5FWT%5FLPS%2Dvs%2DFOXO1%2DKO%5FLPS%2Eall%2Eannot%2Etxt%2Egz,https://www.ncbi.nlm.nih.gov/geo/query/acc.cgi?acc=GSE293003
GSE292999,GSE292999_Spheroid_iva-readcount.txt.gz,TXT,254.9 Kb,260995,ftp://ftp.ncbi.nlm.nih.gov/geo/series/GSE292nnn/GSE292999/suppl/GSE292999%5FSpheroid%5Fiva%2Dreadcount%2Etxt%2Egz,https://www.ncbi.nlm.nih.gov/geo/query/acc.cgi?acc=GSE292999
GSE292999,GSE292999_hHSC_iva-readcount.txt.gz,TXT,358.6 Kb,367219,ftp://ftp.ncbi.nlm.nih.gov/geo/series/GSE292nnn/GSE292999/suppl/GSE292999%5FhHSC%5Fiva%2Dreadcount%2Etxt%2Egz,https://www.ncbi.nlm.nih.gov/geo/query/acc.cgi?acc=GSE292999
GSE292002,GSE292002_RAW.tar,TAR (of CSV),3.0 Mb,3123200,https://www.ncbi.nlm.nih.gov/geo/download/?acc=GSE292002&format=file,https://www.ncbi.nlm.nih.gov/geo/query/acc.cgi?acc=GSE292002
GSE205179,GSE205179_gene_fpkm.txt.gz,TXT,5.6 Mb,5868204,ftp://ftp.ncbi.nlm.nih.gov/geo/series/GSE205nnn/GSE205179/suppl/GSE205179%5Fgene%5Ffpkm%2Etxt%2Egz,https://www.ncbi.nlm.nih.gov/geo/query/acc.cgi?acc=GSE205179
GSE267033,GSE267033_counts_RNAseq_sc_WBC.txt.gz,TXT,68.0 Mb,71295145,ftp://ftp.ncbi.nlm.nih.gov/geo/series/GSE267nnn/GSE267033/suppl/GSE267033%5Fcounts%5FRNAseq%5Fsc%5FWBC%2Etxt%2Egz,https://www.ncbi.nlm.nih.gov/geo/query/acc.cgi?acc=GSE267033
GSE267033,GSE267033_metadata_RNAseq_sc_WBC.txt.gz,TXT,742.7 Kb,760556,ftp://ftp.ncbi.nlm.nih.gov/geo/series/GSE267nnn/GSE267033/suppl/GSE267033%5Fmetadata%5FRNAseq%5Fsc%5FWBC%2Etxt%2Egz,https://www.ncbi.nlm.nih.gov/geo/query/acc.cgi?acc=GSE267033
GSE267032,GSE267032_counts_RNASeq_WBC_bulk.txt.gz,TXT,1.5 Mb,1536141,ftp://ftp.ncbi.nlm.nih.gov/geo/series/GSE267nnn/GSE267032/suppl/GSE267032%5Fcounts%5FRNASeq%5FWBC%5Fbulk%2Etxt%2Egz,https://www.ncbi.nlm.nih.gov/geo/query/acc.cgi?acc=GSE267032
GSE267032,GSE267032_tpm_RNASeq_WBC_bulk.txt.gz,TXT,1.7 Mb,1812927,ftp://ftp.ncbi.nlm.nih.gov/geo/series/GSE267nnn/GSE267032/suppl/GSE267032%5Ftpm%5FRNASeq%5FWBC%5Fbulk%2Etxt%2Egz,https://www.ncbi.nlm.nih.gov/geo/query/acc.cgi?acc=GSE267032
GSE267031,GSE267031_counts_RNAseq_Liver.txt.gz,TXT,894.3 Kb,915765,ftp://ftp.ncbi.nlm.nih.gov/geo/series/GSE267nnn/GSE267031/suppl/GSE267031%5Fcounts%5FRNAseq%5FLiver%2Etxt%2Egz,https://www.ncbi.nlm.nih.gov/geo/query/acc.cgi?acc=GSE267031
GSE267031,GSE267031_tpm_RNAseq_Liver.txt.gz,TXT,1.0 Mb,1053410,ftp://ftp.ncbi.nlm.nih.gov/geo/series/GSE267nnn/GSE267031/suppl/GSE267031%5Ftpm%5FRNAseq%5FLiver%2Etxt%2Egz,https://www.ncbi.nlm.nih.gov/geo/query/acc.cgi?acc=GSE267031
GSE295362,GSE295362_All_gene_expression_TPM.txt.gz,TXT,805.3 Kb,824646,ftp://ftp.ncbi.nlm.nih.gov/geo/series/GSE295nnn/GSE295362/suppl/GSE295362%5FAll%5Fgene%5Fexpression%5FTPM%2Etxt%2Egz,https://www.ncbi.nlm.nih.gov/geo/query/acc.cgi?acc=GSE295362
GSE293127,GSE293127_All_counts.csv.gz,CSV,1.3 Mb,1377296,ftp://ftp.ncbi.nlm.nih.gov/geo/series/GSE293nnn/GSE293127/suppl/GSE293127%5FAll%5Fcounts%2Ecsv%2Egz,https://www.ncbi.nlm.nih.gov/geo/query/acc.cgi?acc=GSE293127
GSE266460,GSE266460_gene_count.txt.gz,TXT,2.3 Mb,2392418,ftp://ftp.ncbi.nlm.nih.gov/geo/series/GSE266nnn/GSE266460/suppl/GSE266460%5Fgene%5Fcount%2Etxt%2Egz,https://www.ncbi.nlm.nih.gov/geo/query/acc.cgi?acc=GSE266460
GSE256398,GSE256398_RAW.tar,TAR (of H5),3.5 Gb,3747420160,https://www.ncbi.nlm.nih.gov/geo/download/?acc=GSE256398&format=file,https://www.ncbi.nlm.nih.gov/geo/query/acc.cgi?acc=GSE256398
GSE288534,GSE288534_Palbo_Genecount.txt.gz,TXT,499.6 Kb,511541,ftp://ftp.ncbi.nlm.nih.gov/geo/series/GSE288nnn/GSE288534/suppl/GSE288534%5FPalbo%5FGenecount%2Etxt%2Egz,https://www.ncbi.nlm.nih.gov/geo/query/acc.cgi?acc=GSE288534
GSE288534,GSE288534_RAW.tar,TAR (of TSV),37.3 Mb,39086080,https://www.ncbi.nlm.nih.gov/geo/download/?acc=GSE288534&format=file,https://www.ncbi.nlm.nih.gov/geo/query/acc.cgi?acc=GSE288534
GSE289173,GSE289173_RAW.tar,"TAR (of MTX, TSV)",1.9 Gb,2076282880,https://www.ncbi.nlm.nih.gov/geo/download/?acc=GSE289173&format=file,https://www.ncbi.nlm.nih.gov/geo/query/acc.cgi?acc=GSE289173
GSE282660,GSE282660_cells_VST_normalized_counts.txt.gz,TXT,1.2 Mb,1253588,ftp://ftp.ncbi.nlm.nih.gov/geo/series/GSE282nnn/GSE282660/suppl/GSE282660%5Fcells%5FVST%5Fnormalized%5Fcounts%2Etxt%2Egz,https://www.ncbi.nlm.nih.gov/geo/query/acc.cgi?acc=GSE282660
GSE282660,GSE282660_mouse_VST_normalized_counts.txt.gz,TXT,2.9 Mb,2991631,ftp://ftp.ncbi.nlm.nih.gov/geo/series/GSE282nnn/GSE282660/suppl/GSE282660%5Fmouse%5FVST%5Fnormalized%5Fcounts%2Etxt%2Egz,https://www.ncbi.nlm.nih.gov/geo/query/acc.cgi?acc=GSE282660
GSE270488,GSE270488_human_cell_barcodes.tsv.gz,TSV,228.8 Kb,234305,ftp://ftp.ncbi.nlm.nih.gov/geo/series/GSE270nnn/GSE270488/suppl/GSE270488%5Fhuman%5Fcell%5Fbarcodes%2Etsv%2Egz,https://www.ncbi.nlm.nih.gov/geo/query/acc.cgi?acc=GSE270488
GSE270488,GSE270488_human_metadata.tsv.gz,TSV,2.0 Mb,2119546,ftp://ftp.ncbi.nlm.nih.gov/geo/series/GSE270nnn/GSE270488/suppl/GSE270488%5Fhuman%5Fmetadata%2Etsv%2Egz,https://www.ncbi.nlm.nih.gov/geo/query/acc.cgi?acc=GSE270488
GSE270488,GSE270488_human_normalized_rna_features.tsv.gz,TSV,127.5 Kb,130607,ftp://ftp.ncbi.nlm.nih.gov/geo/series/GSE270nnn/GSE270488/suppl/GSE270488%5Fhuman%5Fnormalized%5Frna%5Ffeatures%2Etsv%2Egz,https://www.ncbi.nlm.nih.gov/geo/query/acc.cgi?acc=GSE270488
GSE270488,GSE270488_human_normalized_rna_matrix.mtx.gz,MTX,314.0 Mb,329240917,ftp://ftp.ncbi.nlm.nih.gov/geo/series/GSE270nnn/GSE270488/suppl/GSE270488%5Fhuman%5Fnormalized%5Frna%5Fmatrix%2Emtx%2Egz,https://www.ncbi.nlm.nih.gov/geo/query/acc.cgi?acc=GSE270488
GSE276114,GSE276114_raw.count.txt.gz,TXT,11.4 Mb,11993275,ftp://ftp.ncbi.nlm.nih.gov/geo/series/GSE276nnn/GSE276114/suppl/GSE276114%5Fraw%2Ecount%2Etxt%2Egz,https://www.ncbi.nlm.nih.gov/geo/query/acc.cgi?acc=GSE276114
GSE205881,GSE205881_GEO_Submission_June7_raw_count_RNA_Seq_data_mapped_to_human_genome.txt.gz,TXT,2.0 Mb,2145240,ftp://ftp.ncbi.nlm.nih.gov/geo/series/GSE205nnn/GSE205881/suppl/GSE205881%5FGEO%5FSubmission%5FJune7%5Fraw%5Fcount%5FRNA%5FSeq%5Fdata%5Fmapped%5Fto%5Fhuman%5Fgenome%2Etxt%2Egz,https://www.ncbi.nlm.nih.gov/geo/query/acc.cgi?acc=GSE205881
GSE205881,GSE205881_GEO_Submission_June_7_raw_count_RNA_Seq_data_mapped_to_mouse_genome.txt.gz,TXT,3.1 Mb,3245949,ftp://ftp.ncbi.nlm.nih.gov/geo/series/GSE205nnn/GSE205881/suppl/GSE205881%5FGEO%5FSubmission%5FJune%5F7%5Fraw%5Fcount%5FRNA%5FSeq%5Fdata%5Fmapped%5Fto%5Fmouse%5Fgenome%2Etxt%2Egz,https://www.ncbi.nlm.nih.gov/geo/query/acc.cgi?acc=GSE205881
GSE238060,GSE238060_AAV_KO_FPKM.txt.gz,TXT,3.6 Mb,3728764,ftp://ftp.ncbi.nlm.nih.gov/geo/series/GSE238nnn/GSE238060/suppl/GSE238060%5FAAV%5FKO%5FFPKM%2Etxt%2Egz,https://www.ncbi.nlm.nih.gov/geo/query/acc.cgi?acc=GSE238060
GSE238060,GSE238060_A_NC_FPKM.txt.gz,TXT,4.2 Mb,4369069,ftp://ftp.ncbi.nlm.nih.gov/geo/series/GSE238nnn/GSE238060/suppl/GSE238060%5FA%5FNC%5FFPKM%2Etxt%2Egz,https://www.ncbi.nlm.nih.gov/geo/query/acc.cgi?acc=GSE238060
GSE268518,GSE268518_CP20M_Biopsies_CTRL_and_MASH_excel_file_complete_expression_profile_14052024.txt.gz,TXT,2.2 Mb,2300755,ftp://ftp.ncbi.nlm.nih.gov/geo/series/GSE268nnn/GSE268518/suppl/GSE268518%5FCP20M%5FBiopsies%5FCTRL%5Fand%5FMASH%5Fexcel%5Ffile%5Fcomplete%5Fexpression%5Fprofile%5F14052024%2Etxt%2Egz,https://www.ncbi.nlm.nih.gov/geo/query/acc.cgi?acc=GSE268518
GSE268518,GSE268518_CP20M_organoids_MASH_vs_Controls_excel_file_complete_gene_expression_14052024.txt.gz,TXT,1.5 Mb,1548279,ftp://ftp.ncbi.nlm.nih.gov/geo/series/GSE268nnn/GSE268518/suppl/GSE268518%5FCP20M%5Forganoids%5FMASH%5Fvs%5FControls%5Fexcel%5Ffile%5Fcomplete%5Fgene%5Fexpression%5F14052024%2Etxt%2Egz,https://www.ncbi.nlm.nih.gov/geo/query/acc.cgi?acc=GSE268518
GSE280378,GSE280378_20240206115043_raw_pc_genes_counts.csv.gz,CSV,707.4 Kb,724390,ftp://ftp.ncbi.nlm.nih.gov/geo/series/GSE280nnn/GSE280378/suppl/GSE280378%5F20240206115043%5Fraw%5Fpc%5Fgenes%5Fcounts%2Ecsv%2Egz,https://www.ncbi.nlm.nih.gov/geo/query/acc.cgi?acc=GSE280378
GSE244832,GSE244832_RAW.tar,TAR (of BED),3.9 Gb,4168417280,https://www.ncbi.nlm.nih.gov/geo/download/?acc=GSE244832&format=file,https://www.ncbi.nlm.nih.gov/geo/query/acc.cgi?acc=GSE244832
GSE244832,GSE244832_hLIVER_processed_files.tar.gz,TAR,693.5 Mb,727189398,ftp://ftp.ncbi.nlm.nih.gov/geo/series/GSE244nnn/GSE244832/suppl/GSE244832%5FhLIVER%5Fprocessed%5Ffiles%2Etar%2Egz,https://www.ncbi.nlm.nih.gov/geo/query/acc.cgi?acc=GSE244832
GSE274114,GSE274114_RAW.tar,TAR (of SF),30.2 Mb,31672320,https://www.ncbi.nlm.nih.gov/geo/download/?acc=GSE274114&format=file,https://www.ncbi.nlm.nih.gov/geo/query/acc.cgi?acc=GSE274114
GSE249997,GSE249997_RAW.tar,TAR (of TSV),18.0 Mb,18913280,https://www.ncbi.nlm.nih.gov/geo/download/?acc=GSE249997&format=file,https://www.ncbi.nlm.nih.gov/geo/query/acc.cgi?acc=GSE249997
GSE249997,GSE249997_merged.counts.77samp.tsv.gz,TSV,3.4 Mb,3591930,ftp://ftp.ncbi.nlm.nih.gov/geo/series/GSE249nnn/GSE249997/suppl/GSE249997%5Fmerged%2Ecounts%2E77samp%2Etsv%2Egz,https://www.ncbi.nlm.nih.gov/geo/query/acc.cgi?acc=GSE249997
GSE253380,GSE253380_mPH_HLO_tmm_normalized_counts.xlsx,XLSX,8.0 Mb,8387928,ftp://ftp.ncbi.nlm.nih.gov/geo/series/GSE253nnn/GSE253380/suppl/GSE253380%5FmPH%5FHLO%5Ftmm%5Fnormalized%5Fcounts%2Exlsx,https://www.ncbi.nlm.nih.gov/geo/query/acc.cgi?acc=GSE253380
GSE247407,GSE247407_gene_count.txt.gz,TXT,3.0 Mb,3182213,ftp://ftp.ncbi.nlm.nih.gov/geo/series/GSE247nnn/GSE247407/suppl/GSE247407%5Fgene%5Fcount%2Etxt%2Egz,https://www.ncbi.nlm.nih.gov/geo/query/acc.cgi?acc=GSE247407
GSE247407,GSE247407_gene_fpkm.txt.gz,TXT,7.3 Mb,7698720,ftp://ftp.ncbi.nlm.nih.gov/geo/series/GSE247nnn/GSE247407/suppl/GSE247407%5Fgene%5Ffpkm%2Etxt%2Egz,https://www.ncbi.nlm.nih.gov/geo/query/acc.cgi?acc=GSE247407
GSE273561,GSE273561_RAW.tar,TAR (of H5),1.2 Gb,1322967040,https://www.ncbi.nlm.nih.gov/geo/download/?acc=GSE273561&format=file,https://www.ncbi.nlm.nih.gov/geo/query/acc.cgi?acc=GSE273561
GSE273561,GSE273561_TPM_values_siCtrl_vs_25nM_siSptbn1_vs_50nM_siSptbn1_96h.txt.gz,TXT,1.2 Mb,1234184,ftp://ftp.ncbi.nlm.nih.gov/geo/series/GSE273nnn/GSE273561/suppl/GSE273561%5FTPM%5Fvalues%5FsiCtrl%5Fvs%5F25nM%5FsiSptbn1%5Fvs%5F50nM%5FsiSptbn1%5F96h%2Etxt%2Egz,https://www.ncbi.nlm.nih.gov/geo/query/acc.cgi?acc=GSE273561
GSE273561,GSE273561_aggregation.csv.gz,CSV,198 b,198,ftp://ftp.ncbi.nlm.nih.gov/geo/series/GSE273nnn/GSE273561/suppl/GSE273561%5Faggregation%2Ecsv%2Egz,https://www.ncbi.nlm.nih.gov/geo/query/acc.cgi?acc=GSE273561
GSE273561,GSE273561_fpkm_WT_vs_KO_vs_double.txt.gz,TXT,1.4 Mb,1462121,ftp://ftp.ncbi.nlm.nih.gov/geo/series/GSE273nnn/GSE273561/suppl/GSE273561%5Ffpkm%5FWT%5Fvs%5FKO%5Fvs%5Fdouble%2Etxt%2Egz,https://www.ncbi.nlm.nih.gov/geo/query/acc.cgi?acc=GSE273561
GSE253493,GSE253493_RAW.tar,TAR (of TXT),58.9 Mb,61798400,https://www.ncbi.nlm.nih.gov/geo/download/?acc=GSE253493&format=file,https://www.ncbi.nlm.nih.gov/geo/query/acc.cgi?acc=GSE253493
GSE234415,GSE234415_normalized_counts.txt.gz,TXT,2.7 Mb,2797694,ftp://ftp.ncbi.nlm.nih.gov/geo/series/GSE234nnn/GSE234415/suppl/GSE234415%5Fnormalized%5Fcounts%2Etxt%2Egz,https://www.ncbi.nlm.nih.gov/geo/query/acc.cgi?acc=GSE234415
GSE234415,GSE234415_raw_counts.txt.gz,TXT,2.7 Mb,2797677,ftp://ftp.ncbi.nlm.nih.gov/geo/series/GSE234nnn/GSE234415/suppl/GSE234415%5Fraw%5Fcounts%2Etxt%2Egz,https://www.ncbi.nlm.nih.gov/geo/query/acc.cgi?acc=GSE234415
GSE247467,GSE247467_RAW.tar,TAR (of TXT),3.4 Mb,3573760,https://www.ncbi.nlm.nih.gov/geo/download/?acc=GSE247467&format=file,https://www.ncbi.nlm.nih.gov/geo/query/acc.cgi?acc=GSE247467
GSE228087,GSE228087_MoMF_counts.csv.gz,CSV,732.1 Kb,749620,ftp://ftp.ncbi.nlm.nih.gov/geo/series/GSE228nnn/GSE228087/suppl/GSE228087%5FMoMF%5Fcounts%2Ecsv%2Egz,https://www.ncbi.nlm.nih.gov/geo/query/acc.cgi?acc=GSE228087
GSE228087,GSE228087_MoMF_tpm.csv.gz,CSV,976.9 Kb,1000368,ftp://ftp.ncbi.nlm.nih.gov/geo/series/GSE228nnn/GSE228087/suppl/GSE228087%5FMoMF%5Ftpm%2Ecsv%2Egz,https://www.ncbi.nlm.nih.gov/geo/query/acc.cgi?acc=GSE228087
GSE228086,GSE228086_HSC_counts.csv.gz,CSV,589.3 Kb,603405,ftp://ftp.ncbi.nlm.nih.gov/geo/series/GSE228nnn/GSE228086/suppl/GSE228086%5FHSC%5Fcounts%2Ecsv%2Egz,https://www.ncbi.nlm.nih.gov/geo/query/acc.cgi?acc=GSE228086
GSE228086,GSE228086_HSC_tpm.csv.gz,CSV,779.2 Kb,797863,ftp://ftp.ncbi.nlm.nih.gov/geo/series/GSE228nnn/GSE228086/suppl/GSE228086%5FHSC%5Ftpm%2Ecsv%2Egz,https://www.ncbi.nlm.nih.gov/geo/query/acc.cgi?acc=GSE228086
GSE174543,GSE174543_DESeq2-normalized_counts.tsv.gz,TSV,1.1 Mb,1169661,ftp://ftp.ncbi.nlm.nih.gov/geo/series/GSE174nnn/GSE174543/suppl/GSE174543%5FDESeq2%2Dnormalized%5Fcounts%2Etsv%2Egz,https://www.ncbi.nlm.nih.gov/geo/query/acc.cgi?acc=GSE174543
GSE245977,GSE245977_RAW.tar,TAR (of SF),25.1 Mb,26296320,https://www.ncbi.nlm.nih.gov/geo/download/?acc=GSE245977&format=file,https://www.ncbi.nlm.nih.gov/geo/query/acc.cgi?acc=GSE245977
GSE241526,GSE241526_table_input_gene_counts.txt.gz,TXT,1.3 Mb,1320383,ftp://ftp.ncbi.nlm.nih.gov/geo/series/GSE241nnn/GSE241526/suppl/GSE241526%5Ftable%5Finput%5Fgene%5Fcounts%2Etxt%2Egz,https://www.ncbi.nlm.nih.gov/geo/query/acc.cgi?acc=GSE241526
GSE241474,GSE241474_28284_pleural_human.norm.tdf,TDF,261.0 Mb,273664155,ftp://ftp.ncbi.nlm.nih.gov/geo/series/GSE241nnn/GSE241474/suppl/GSE241474%5F28284%5Fpleural%5Fhuman%2Enorm%2Etdf,https://www.ncbi.nlm.nih.gov/geo/query/acc.cgi?acc=GSE241474
GSE241474,GSE241474_311E_ABBV075.norm.mean.tdf,TDF,365.3 Mb,383009694,ftp://ftp.ncbi.nlm.nih.gov/geo/series/GSE241nnn/GSE241474/suppl/GSE241474%5F311E%5FABBV075%2Enorm%2Emean%2Etdf,https://www.ncbi.nlm.nih.gov/geo/query/acc.cgi?acc=GSE241474
GSE241474,GSE241474_311E_Taz.norm.mean.tdf,TDF,310.2 Mb,325310066,ftp://ftp.ncbi.nlm.nih.gov/geo/series/GSE241nnn/GSE241474/suppl/GSE241474%5F311E%5FTaz%2Enorm%2Emean%2Etdf,https://www.ncbi.nlm.nih.gov/geo/query/acc.cgi?acc=GSE241474
GSE241474,GSE241474_311E_Taz_ABBV075.norm.mean.tdf,TDF,395.9 Mb,415151344,ftp://ftp.ncbi.nlm.nih.gov/geo/series/GSE241nnn/GSE241474/suppl/GSE241474%5F311E%5FTaz%5FABBV075%2Enorm%2Emean%2Etdf,https://www.ncbi.nlm.nih.gov/geo/query/acc.cgi?acc=GSE241474
GSE241474,GSE241474_311E_dmso.norm.mean.tdf,TDF,312.0 Mb,327121852,ftp://ftp.ncbi.nlm.nih.gov/geo/series/GSE241nnn/GSE241474/suppl/GSE241474%5F311E%5Fdmso%2Enorm%2Emean%2Etdf,https://www.ncbi.nlm.nih.gov/geo/query/acc.cgi?acc=GSE241474
GSE241474,GSE241474_311E_tumor.norm.tdf,TDF,188.8 Mb,197974940,ftp://ftp.ncbi.nlm.nih.gov/geo/series/GSE241nnn/GSE241474/suppl/GSE241474%5F311E%5Ftumor%2Enorm%2Etdf,https://www.ncbi.nlm.nih.gov/geo/query/acc.cgi?acc=GSE241474
GSE241474,GSE241474_317E.norm.mean.tdf,TDF,418.5 Mb,438785944,ftp://ftp.ncbi.nlm.nih.gov/geo/series/GSE241nnn/GSE241474/suppl/GSE241474%5F317E%2Enorm%2Emean%2Etdf,https://www.ncbi.nlm.nih.gov/geo/query/acc.cgi?acc=GSE241474
GSE241474,GSE241474_317E_tumor.norm.tdf,TDF,227.4 Mb,238434567,ftp://ftp.ncbi.nlm.nih.gov/geo/series/GSE241nnn/GSE241474/suppl/GSE241474%5F317E%5Ftumor%2Enorm%2Etdf,https://www.ncbi.nlm.nih.gov/geo/query/acc.cgi?acc=GSE241474
GSE241474,GSE241474_GEMM_ctrl.norm.mean.tdf,TDF,351.2 Mb,368211059,ftp://ftp.ncbi.nlm.nih.gov/geo/series/GSE241nnn/GSE241474/suppl/GSE241474%5FGEMM%5Fctrl%2Enorm%2Emean%2Etdf,https://www.ncbi.nlm.nih.gov/geo/query/acc.cgi?acc=GSE241474
GSE239422,GSE239422_Normalized_Counts.txt.gz,TXT,10.8 Mb,11287168,ftp://ftp.ncbi.nlm.nih.gov/geo/series/GSE239nnn/GSE239422/suppl/GSE239422%5FNormalized%5FCounts%2Etxt%2Egz,https://www.ncbi.nlm.nih.gov/geo/query/acc.cgi?acc=GSE239422
GSE239422,GSE239422_RAW_Counts.txt.gz,TXT,3.0 Mb,3132721,ftp://ftp.ncbi.nlm.nih.gov/geo/series/GSE239nnn/GSE239422/suppl/GSE239422%5FRAW%5FCounts%2Etxt%2Egz,https://www.ncbi.nlm.nih.gov/geo/query/acc.cgi?acc=GSE239422
GSE208413,GSE208413_mRNA_counts.txt.gz,TXT,1.4 Mb,1436987,ftp://ftp.ncbi.nlm.nih.gov/geo/series/GSE208nnn/GSE208413/suppl/GSE208413%5FmRNA%5Fcounts%2Etxt%2Egz,https://www.ncbi.nlm.nih.gov/geo/query/acc.cgi?acc=GSE208413
GSE208413,GSE208413_mRNA_normalized_counts.txt.gz,TXT,3.5 Mb,3647109,ftp://ftp.ncbi.nlm.nih.gov/geo/series/GSE208nnn/GSE208413/suppl/GSE208413%5FmRNA%5Fnormalized%5Fcounts%2Etxt%2Egz,https://www.ncbi.nlm.nih.gov/geo/query/acc.cgi?acc=GSE208413
GSE217968,GSE217968_RAW.tar,"TAR (of MTX, TSV)",633.8 Mb,664637440,https://www.ncbi.nlm.nih.gov/geo/download/?acc=GSE217968&format=file,https://www.ncbi.nlm.nih.gov/geo/query/acc.cgi?acc=GSE217968
GSE147304,GSE147304_gene_expression.txt.gz,TXT,4.2 Mb,4366027,ftp://ftp.ncbi.nlm.nih.gov/geo/series/GSE147nnn/GSE147304/suppl/GSE147304%5Fgene%5Fexpression%2Etxt%2Egz,https://www.ncbi.nlm.nih.gov/geo/query/acc.cgi?acc=GSE147304
GSE189600,GSE189600_RAW.tar,"TAR (of MTX, TSV)",10.1 Gb,10871224320,https://www.ncbi.nlm.nih.gov/geo/download/?acc=GSE189600&format=file,https://www.ncbi.nlm.nih.gov/geo/query/acc.cgi?acc=GSE189600
GSE189600,GSE189600_liver_Deseq2_output.csv.gz,CSV,581.3 Kb,595279,ftp://ftp.ncbi.nlm.nih.gov/geo/series/GSE189nnn/GSE189600/suppl/GSE189600%5Fliver%5FDeseq2%5Foutput%2Ecsv%2Egz,https://www.ncbi.nlm.nih.gov/geo/query/acc.cgi?acc=GSE189600
GSE189600,GSE189600_liver_rawread_counts.csv.gz,CSV,350.6 Kb,359053,ftp://ftp.ncbi.nlm.nih.gov/geo/series/GSE189nnn/GSE189600/suppl/GSE189600%5Fliver%5Frawread%5Fcounts%2Ecsv%2Egz,https://www.ncbi.nlm.nih.gov/geo/query/acc.cgi?acc=GSE189600
GSE212837,GSE212837_RAW.tar,"TAR (of MTX, TSV)",1.8 Gb,1913057280,https://www.ncbi.nlm.nih.gov/geo/download/?acc=GSE212837&format=file,https://www.ncbi.nlm.nih.gov/geo/query/acc.cgi?acc=GSE212837
GSE212837,GSE212837_all_data_labeled_processed.h5ad.gz,H5AD,3.1 Gb,3289568863,ftp://ftp.ncbi.nlm.nih.gov/geo/series/GSE212nnn/GSE212837/suppl/GSE212837%5Fall%5Fdata%5Flabeled%5Fprocessed%2Eh5ad%2Egz,https://www.ncbi.nlm.nih.gov/geo/query/acc.cgi?acc=GSE212837
GSE173735,GSE173735_J51.1_processed_data.xlsx,XLSX,176.5 Kb,180709,ftp://ftp.ncbi.nlm.nih.gov/geo/series/GSE173nnn/GSE173735/suppl/GSE173735%5FJ51%2E1%5Fprocessed%5Fdata%2Exlsx,https://www.ncbi.nlm.nih.gov/geo/query/acc.cgi?acc=GSE173735
GSE173735,GSE173735_J78.3_processed_data.xlsx,XLSX,1.2 Mb,1261044,ftp://ftp.ncbi.nlm.nih.gov/geo/series/GSE173nnn/GSE173735/suppl/GSE173735%5FJ78%2E3%5Fprocessed%5Fdata%2Exlsx,https://www.ncbi.nlm.nih.gov/geo/query/acc.cgi?acc=GSE173735
GSE173735,GSE173735_J78.4_processed_data.xlsx,XLSX,1.0 Mb,1068372,ftp://ftp.ncbi.nlm.nih.gov/geo/series/GSE173nnn/GSE173735/suppl/GSE173735%5FJ78%2E4%5Fprocessed%5Fdata%2Exlsx,https://www.ncbi.nlm.nih.gov/geo/query/acc.cgi?acc=GSE173735
GSE173735,GSE173735_J9.1_processed_data.xlsx,XLSX,535.3 Kb,548119,ftp://ftp.ncbi.nlm.nih.gov/geo/series/GSE173nnn/GSE173735/suppl/GSE173735%5FJ9%2E1%5Fprocessed%5Fdata%2Exlsx,https://www.ncbi.nlm.nih.gov/geo/query/acc.cgi?acc=GSE173735
GSE175448,GSE175448_Centaur_rawReadCount.txt.gz,TXT,2.8 Mb,2954641,ftp://ftp.ncbi.nlm.nih.gov/geo/series/GSE175nnn/GSE175448/suppl/GSE175448%5FCentaur%5FrawReadCount%2Etxt%2Egz,https://www.ncbi.nlm.nih.gov/geo/query/acc.cgi?acc=GSE175448
GSE179395,GSE179395_RAW.tar,TAR (of TSV),4.9 Mb,5109760,https://www.ncbi.nlm.nih.gov/geo/download/?acc=GSE179395&format=file,https://www.ncbi.nlm.nih.gov/geo/query/acc.cgi?acc=GSE179395
GSE179395,GSE179395_merged.counts.tsv.gz,TSV,929.4 Kb,951657,ftp://ftp.ncbi.nlm.nih.gov/geo/series/GSE179nnn/GSE179395/suppl/GSE179395%5Fmerged%2Ecounts%2Etsv%2Egz,https://www.ncbi.nlm.nih.gov/geo/query/acc.cgi?acc=GSE179395
GSE180882,GSE180882_Raabe_Set1_RawReads_45samp.csv.gz,CSV,1.3 Mb,1390794,ftp://ftp.ncbi.nlm.nih.gov/geo/series/GSE180nnn/GSE180882/suppl/GSE180882%5FRaabe%5FSet1%5FRawReads%5F45samp%2Ecsv%2Egz,https://www.ncbi.nlm.nih.gov/geo/query/acc.cgi?acc=GSE180882
GSE169084,GSE169084_Huh7dif_rawReadCounts.txt.gz,TXT,1.8 Mb,1928820,ftp://ftp.ncbi.nlm.nih.gov/geo/series/GSE169nnn/GSE169084/suppl/GSE169084%5FHuh7dif%5FrawReadCounts%2Etxt%2Egz,https://www.ncbi.nlm.nih.gov/geo/query/acc.cgi?acc=GSE169084
GSE173671,GSE173671_gene_counts_matrix.tsv.gz,TSV,1.7 Mb,1730607,ftp://ftp.ncbi.nlm.nih.gov/geo/series/GSE173nnn/GSE173671/suppl/GSE173671%5Fgene%5Fcounts%5Fmatrix%2Etsv%2Egz,https://www.ncbi.nlm.nih.gov/geo/query/acc.cgi?acc=GSE173671
GSE169447,GSE169447_RAW.tar,"TAR (of MTX, TSV, TXT)",148.9 Mb,156170240,https://www.ncbi.nlm.nih.gov/geo/download/?acc=GSE169447&format=file,https://www.ncbi.nlm.nih.gov/geo/query/acc.cgi?acc=GSE169447
GSE159977,GSE159977_RAW.tar,"TAR (of MTX, TSV)",965.6 Mb,1012551680,https://www.ncbi.nlm.nih.gov/geo/download/?acc=GSE159977&format=file,https://www.ncbi.nlm.nih.gov/geo/query/acc.cgi?acc=GSE159977
GSE159977,GSE159977_scRNA-liver.integrated.csv.gz,CSV,513.5 Mb,538394846,ftp://ftp.ncbi.nlm.nih.gov/geo/series/GSE159nnn/GSE159977/suppl/GSE159977%5FscRNA%2Dliver%2Eintegrated%2Ecsv%2Egz,https://www.ncbi.nlm.nih.gov/geo/query/acc.cgi?acc=GSE159977
GSE159977,GSE159977_scRNA_metadata.csv.gz,CSV,500.4 Kb,512458,ftp://ftp.ncbi.nlm.nih.gov/geo/series/GSE159nnn/GSE159977/suppl/GSE159977%5FscRNA%5Fmetadata%2Ecsv%2Egz,https://www.ncbi.nlm.nih.gov/geo/query/acc.cgi?acc=GSE159977
GSE149298,GSE149298_TcellsAIH_FB5Pseq_filtered_genes_UMI.csv.gz,CSV,3.0 Mb,3144677,ftp://ftp.ncbi.nlm.nih.gov/geo/series/GSE149nnn/GSE149298/suppl/GSE149298%5FTcellsAIH%5FFB5Pseq%5Ffiltered%5Fgenes%5FUMI%2Ecsv%2Egz,https://www.ncbi.nlm.nih.gov/geo/query/acc.cgi?acc=GSE149298
GSE149298,GSE149298_TcellsAIH_FB5Pseq_filtered_metadata.xlsx,XLSX,291.0 Kb,298015,ftp://ftp.ncbi.nlm.nih.gov/geo/series/GSE149nnn/GSE149298/suppl/GSE149298%5FTcellsAIH%5FFB5Pseq%5Ffiltered%5Fmetadata%2Exlsx,https://www.ncbi.nlm.nih.gov/geo/query/acc.cgi?acc=GSE149298
GSE149298,GSE149298_scRNAseqMetrics_SupplementaryTable_Geo.docx.gz,DOCX,10.5 Kb,10719,ftp://ftp.ncbi.nlm.nih.gov/geo/series/GSE149nnn/GSE149298/suppl/GSE149298%5FscRNAseqMetrics%5FSupplementaryTable%5FGeo%2Edocx%2Egz,https://www.ncbi.nlm.nih.gov/geo/query/acc.cgi?acc=GSE149298
GSE148849,GSE148849_RAW.tar,TAR (of TXT),29.3 Mb,30679040,https://www.ncbi.nlm.nih.gov/geo/download/?acc=GSE148849&format=file,https://www.ncbi.nlm.nih.gov/geo/query/acc.cgi?acc=GSE148849
GSE143319,GSE143319_MHOvsMUO_FPKM.xlsx,XLSX,12.3 Mb,12903495,ftp://ftp.ncbi.nlm.nih.gov/geo/series/GSE143nnn/GSE143319/suppl/GSE143319%5FMHOvsMUO%5FFPKM%2Exlsx,https://www.ncbi.nlm.nih.gov/geo/query/acc.cgi?acc=GSE143319
GSE143319,GSE143319_WL_FPKM.xlsx,XLSX,8.6 Mb,8990890,ftp://ftp.ncbi.nlm.nih.gov/geo/series/GSE143nnn/GSE143319/suppl/GSE143319%5FWL%5FFPKM%2Exlsx,https://www.ncbi.nlm.nih.gov/geo/query/acc.cgi?acc=GSE143319
GSE134422,GSE134422_RAW.tar,TAR (of BEDGRAPH),14.9 Mb,15636480,https://www.ncbi.nlm.nih.gov/geo/download/?acc=GSE134422&format=file,https://www.ncbi.nlm.nih.gov/geo/query/acc.cgi?acc=GSE134422
GSE126798,GSE126798_P_vs_H_DESeq_normalized_counts.txt.gz,TXT,631.0 Kb,646102,ftp://ftp.ncbi.nlm.nih.gov/geo/series/GSE126nnn/GSE126798/suppl/GSE126798%5FP%5Fvs%5FH%5FDESeq%5Fnormalized%5Fcounts%2Etxt%2Egz,https://www.ncbi.nlm.nih.gov/geo/query/acc.cgi?acc=GSE126798
GSE126798,GSE126798_RAW.tar,TAR (of TXT),4.5 Mb,4700160,https://www.ncbi.nlm.nih.gov/geo/download/?acc=GSE126798&format=file,https://www.ncbi.nlm.nih.gov/geo/query/acc.cgi?acc=GSE126798
GSE128940,GSE128940_counts_human.txt.gz,TXT,4.6 Mb,4818002,ftp://ftp.ncbi.nlm.nih.gov/geo/series/GSE128nnn/GSE128940/suppl/GSE128940%5Fcounts%5Fhuman%2Etxt%2Egz,https://www.ncbi.nlm.nih.gov/geo/query/acc.cgi?acc=GSE128940
GSE128940,GSE128940_counts_mouse.txt.gz,TXT,4.1 Mb,4276048,ftp://ftp.ncbi.nlm.nih.gov/geo/series/GSE128nnn/GSE128940/suppl/GSE128940%5Fcounts%5Fmouse%2Etxt%2Egz,https://www.ncbi.nlm.nih.gov/geo/query/acc.cgi?acc=GSE128940
GSE129933,GSE129933_cell_metadata.tsv.gz,TSV,20.3 Kb,20815,ftp://ftp.ncbi.nlm.nih.gov/geo/series/GSE129nnn/GSE129933/suppl/GSE129933%5Fcell%5Fmetadata%2Etsv%2Egz,https://www.ncbi.nlm.nih.gov/geo/query/acc.cgi?acc=GSE129933
GSE129933,GSE129933_count_matrix.tsv.gz,TSV,722.7 Kb,740081,ftp://ftp.ncbi.nlm.nih.gov/geo/series/GSE129nnn/GSE129933/suppl/GSE129933%5Fcount%5Fmatrix%2Etsv%2Egz,https://www.ncbi.nlm.nih.gov/geo/query/acc.cgi?acc=GSE129933
GSE99349,GSE99349_Expression_Matrix.xlsx,XLSX,20.4 Mb,21358409,ftp://ftp.ncbi.nlm.nih.gov/geo/series/GSE99nnn/GSE99349/suppl/GSE99349%5FExpression%5FMatrix%2Exlsx,https://www.ncbi.nlm.nih.gov/geo/query/acc.cgi?acc=GSE99349
GSE99349,GSE99349_Human_dlPFC_Cocaine_DEG_Ribeiro_2017.xlsx.gz,XLSX,199.6 Kb,204376,ftp://ftp.ncbi.nlm.nih.gov/geo/series/GSE99nnn/GSE99349/suppl/GSE99349%5FHuman%5FdlPFC%5FCocaine%5FDEG%5FRibeiro%5F2017%2Exlsx%2Egz,https://www.ncbi.nlm.nih.gov/geo/query/acc.cgi?acc=GSE99349
GSE89063,GSE89063_gene_counts.tsv.gz,TSV,2.2 Mb,2321373,ftp://ftp.ncbi.nlm.nih.gov/geo/series/GSE89nnn/GSE89063/suppl/GSE89063%5Fgene%5Fcounts%2Etsv%2Egz,https://www.ncbi.nlm.nih.gov/geo/query/acc.cgi?acc=GSE89063
